datetime,hour,day,month,weekday,aqi_us,aqi_cn,main_pollutant,temp,humidity,pressure,wind_speed,wind_direction,openweather_aqi,co,no,no2,o3,so2,pm2_5,pm10,nh3
2025-07-15 11:17:00,11,15,7,1,64,23,p2,29,77,998,6.98,257,4,78.71,0.01,0.06,43.26,0.45,25.15,114.93,0
2025-07-15 12:17:00,12,15,7,1,67,25,p2,29,76,998,6.17,242,4,77.09,0.01,0.07,42.99,0.47,24.94,113.9,0
2025-07-15 13:17:00,13,15,7,1,66,24,p2,29,77,998,6.28,239,4,77.72,0.01,0.07,42.57,0.41,23.23,105.35,0
2025-07-15 14:17:00,14,15,7,1,66,25,p2,28,78,999,6.14,242,4,76.73,0.0,0.09,42.36,0.43,23.15,105.42,0
2025-07-15 16:17:00,16,15,7,1,64,23,p2,28,79,1000,7.09,241,4,76.89,0.0,0.09,43.13,0.45,23.34,106.05,0
2025-07-15 17:17:00,17,15,7,1,75,31,p2,28,78,1001,6.75,246,4,77.95,0.0,0.09,43.81,0.45,23.72,107.12,0
2025-07-15 18:17:00,18,15,7,1,75,32,p2,28,79,1001,6.67,247,4,78.89,0.0,0.09,44.1,0.46,24.3,108.86,0
2025-07-15 19:17:00,19,15,7,1,74,31,p2,28,79,1001,6.19,250,4,79.22,0.0,0.09,43.92,0.47,24.97,110.81,0
2025-07-15 20:17:00,20,15,7,1,65,24,p2,28,79,1001,5.63,251,4,79.27,0.0,0.09,43.65,0.47,25.81,113.47,0
2025-07-15 21:17:00,21,15,7,1,68,26,p2,28,77,1000,5.59,257,4,79.27,0.0,0.1,43.4,0.47,26.68,116.94,0
2025-07-15 22:17:00,22,15,7,1,66,25,p2,28,76,1000,6.31,260,4,79.64,0.0,0.09,43.42,0.46,27.63,120.91,0
2025-07-15 23:17:00,23,15,7,1,64,23,p2,28,76,1000,6.83,267,4,79.76,0.0,0.09,43.37,0.45,28.47,124.65,0
2025-07-16 01:17:00,1,16,7,2,71,29,p2,28,76,1000,5.72,263,4,78.25,0.0,0.1,42.45,0.45,29.95,130.68,0
2025-07-16 02:17:00,2,16,7,2,67,26,p2,28,77,1001,5.68,262,4,77.34,0.0,0.1,41.99,0.44,30.5,132.9,0
2025-07-16 03:17:00,3,16,7,2,78,34,p2,28,76,1001,5.39,263,4,76.72,0.01,0.1,41.8,0.44,30.85,134.43,0
2025-07-16 04:17:00,4,16,7,2,64,23,p2,28,76,1001,5.11,255,4,76.33,0.01,0.08,41.89,0.42,30.95,135.05,0
2025-07-16 05:17:00,5,16,7,2,71,28,p2,29,75,1001,5.33,242,4,76.3,0.01,0.07,42.08,0.41,30.88,134.83,0
2025-07-16 06:17:00,6,16,7,2,64,23,p2,29,74,1001,5.73,237,4,76.38,0.01,0.06,42.09,0.4,30.56,133.21,0
2025-07-16 07:17:00,7,16,7,2,66,24,p2,29,74,1001,6.06,234,4,75.88,0.01,0.05,41.38,0.41,29.92,129.72,0
2025-07-16 08:17:00,8,16,7,2,69,27,p2,29,72,1001,6.48,228,4,76.19,0.01,0.05,40.92,0.4,29.35,128.58,0
2025-07-16 09:17:00,9,16,7,2,73,30,p2,29,72,1000,6.87,226,4,75.64,0.01,0.05,39.95,0.4,28.66,125.77,0
2025-07-16 10:17:00,10,16,7,2,67,25,p2,29,72,1000,6.97,225,4,75.09,0.01,0.05,39.26,0.41,28.02,123.44,0
2025-07-16 11:17:00,11,16,7,2,59,19,p2,29,73,999,6.9,230,4,74.6,0.01,0.05,38.92,0.41,27.31,121.1,0
2025-07-16 12:17:00,12,16,7,2,68,26,p2,29,74,999,6.38,235,4,74.75,0.01,0.06,39.16,0.42,26.68,119.4,0
2025-07-16 13:17:00,13,16,7,2,69,26,p2,29,75,999,6.49,234,4,74.32,0.01,0.06,38.2,0.4,24.89,109.89,0
2025-07-16 14:17:00,14,16,7,2,61,21,p2,29,74,1000,6.49,236,4,74.83,0.0,0.07,38.8,0.4,24.58,109.19,0
2025-07-16 15:17:00,15,16,7,2,66,24,p2,28,75,1000,6.28,236,4,75.26,0.0,0.08,39.37,0.41,24.55,109.32,0
2025-07-16 16:17:00,16,16,7,2,70,28,p2,28,76,1001,6.09,240,4,75.55,0.0,0.08,39.83,0.42,24.73,110.21,0
2025-07-16 17:17:00,17,16,7,2,77,33,p2,28,74,1001,5.31,250,4,76.03,0.0,0.08,40.33,0.42,25.04,111.52,0
2025-07-16 18:17:00,18,16,7,2,76,32,p2,28,75,1002,5.2,237,4,76.51,0.0,0.08,40.87,0.42,25.46,113.56,0
2025-07-16 19:17:00,19,16,7,2,74,31,p2,28,71,1001,5.76,241,4,77.09,0.0,0.08,41.55,0.41,25.98,115.48,0
2025-07-16 20:17:00,20,16,7,2,74,30,p2,28,72,1001,5.14,247,4,77.76,0.0,0.08,42.24,0.41,26.65,117.45,0
2025-07-16 21:17:00,21,16,7,2,65,24,p2,28,74,1000,5.24,246,4,78.12,0.0,0.08,42.77,0.42,27.38,118.99,0
2025-07-16 22:17:00,22,16,7,2,68,26,p2,28,75,1000,5.82,246,4,78.31,0.0,0.09,42.92,0.43,28.11,119.44,0
2025-07-16 23:17:00,23,16,7,2,68,26,p2,28,76,1000,5.53,250,4,78.15,0.0,0.09,42.73,0.44,28.88,120.59,0
2025-07-17 00:17:00,0,17,7,3,66,24,p2,28,77,1000,4.59,249,4,77.75,0.0,0.09,42.46,0.45,29.64,122.59,0
2025-07-17 01:17:00,1,17,7,3,66,24,p2,28,73,1001,4.22,248,4,77.55,0.0,0.09,42.39,0.45,30.37,126.75,0
2025-07-17 02:17:00,2,17,7,3,66,24,p2,28,74,1002,4.41,244,4,77.55,0.0,0.1,42.62,0.45,30.94,131.06,0
2025-07-17 03:17:00,3,17,7,3,61,21,p2,28,74,1003,5.05,236,4,77.77,0.0,0.11,43.24,0.45,31.61,134.71,0
2025-07-17 04:17:00,4,17,7,3,68,26,p2,28,73,1003,4.75,231,4,77.53,0.01,0.1,43.25,0.44,31.02,133.99,0
2025-07-17 05:17:00,5,17,7,3,67,25,p2,28,72,1003,4.67,230,4,77.53,0.01,0.09,43.47,0.43,30.5,132.8,0
2025-07-17 06:17:00,6,17,7,3,65,24,p2,29,71,1003,5.19,220,4,77.43,0.01,0.08,43.54,0.42,29.87,131.2,0
2025-07-17 07:17:00,7,17,7,3,79,34,p2,29,71,1002,5.3,224,4,77.17,0.01,0.07,43.3,0.41,29.11,129.0,0
2025-07-17 08:17:00,8,17,7,3,69,27,p2,29,71,1002,5.39,228,4,76.59,0.01,0.07,42.56,0.41,28.37,127.05,0
2025-07-17 09:17:00,9,17,7,3,78,34,p2,29,70,1002,5.02,221,4,75.87,0.01,0.06,41.47,0.41,27.54,124.69,0
2025-07-17 10:17:00,10,17,7,3,70,28,p2,30,71,1001,5.63,225,4,75.33,0.01,0.06,40.43,0.41,26.77,122.2,0
2025-07-17 11:17:00,11,17,7,3,71,29,p2,30,71,1001,6.12,225,4,75.38,0.01,0.06,39.93,0.41,25.94,119.54,0
2025-07-17 12:17:00,12,17,7,3,64,23,p2,29,72,1000,5.9,233,4,75.18,0.01,0.07,39.27,0.4,25.12,116.59,0
2025-07-17 13:17:00,13,17,7,3,66,24,p2,29,74,1001,5.88,234,4,76.68,0.0,0.07,40.17,0.36,23.77,110.32,0
2025-07-17 14:17:00,14,17,7,3,63,22,p2,29,77,1001,5.68,233,4,77.26,0.0,0.08,40.42,0.35,23.06,107.04,0
2025-07-17 15:17:00,15,17,7,3,64,23,p2,28,78,1002,5.99,233,4,77.71,0.0,0.08,40.65,0.34,22.46,104.31,0
2025-07-17 16:17:00,16,17,7,3,66,25,p2,28,78,1002,5.51,238,4,77.94,0.0,0.08,40.74,0.33,21.95,101.99,0
2025-07-17 17:17:00,17,17,7,3,65,24,p2,28,77,1003,6.08,231,4,78.13,0.0,0.08,40.9,0.33,21.59,100.38,0
2025-07-17 18:17:00,18,17,7,3,68,26,p2,28,77,1003,5.69,229,3,78.54,0.0,0.08,41.14,0.34,21.3,98.97,0
2025-07-17 19:17:00,19,17,7,3,73,30,p2,28,77,1003,5.43,241,3,78.88,0.0,0.07,41.49,0.34,20.89,96.81,0
2025-07-17 20:17:00,20,17,7,3,72,29,p2,28,77,1002,5.67,252,3,79.48,0.0,0.07,42.11,0.33,20.56,94.67,0
2025-07-17 21:17:00,21,17,7,3,65,24,p2,28,77,1002,5.68,251,3,79.88,0.0,0.07,42.53,0.33,20.61,94.4,0
2025-07-17 22:17:00,22,17,7,3,66,24,p2,28,76,1002,5.31,254,3,79.87,0.0,0.07,42.63,0.33,21.2,96.67,0
2025-07-17 23:17:00,23,17,7,3,67,26,p2,28,76,1001,5.14,249,4,80.06,0.0,0.07,42.6,0.34,22.09,100.16,0
2025-07-18 00:17:00,0,18,7,4,72,29,p2,28,76,1002,5.26,250,4,80.12,0.0,0.07,42.61,0.34,22.86,102.95,0
2025-07-18 01:17:00,1,18,7,4,71,29,p2,28,76,1002,5.62,252,4,80.29,0.0,0.07,42.83,0.32,23.1,103.38,0
2025-07-18 02:17:00,2,18,7,4,69,27,p2,28,76,1003,5.44,252,4,80.79,0.0,0.07,43.33,0.31,23.06,102.41,0
2025-07-18 03:17:00,3,18,7,4,68,26,p2,28,74,1003,5.77,251,4,81.15,0.0,0.08,43.92,0.29,22.93,100.88,0
2025-07-18 04:17:00,4,18,7,4,68,26,p2,28,73,1004,5.8,259,3,81.17,0.01,0.07,44.18,0.28,22.68,99.03,0
2025-07-18 05:17:00,5,18,7,4,66,24,p2,29,71,1004,5.02,252,3,81.14,0.01,0.06,44.12,0.26,22.55,97.75,0
2025-07-18 07:17:00,7,18,7,4,82,36,p2,30,68,1003,5.41,249,3,80.6,0.01,0.05,42.7,0.24,22.43,95.91,0
2025-07-18 08:17:00,8,18,7,4,71,28,p2,30,67,1002,5.63,245,3,79.97,0.01,0.04,41.58,0.23,22.26,94.67,0
2025-07-18 09:17:00,9,18,7,4,63,22,p2,30,68,1002,5.66,246,3,79.32,0.01,0.04,40.56,0.23,22.02,93.4,0
2025-07-18 10:17:00,10,18,7,4,70,27,p2,30,69,1001,5.77,243,3,78.94,0.01,0.05,39.84,0.22,21.81,92.37,0
2025-07-18 11:17:00,11,18,7,4,73,30,p2,30,69,1001,5.75,242,3,78.18,0.01,0.05,39.27,0.23,21.55,91.54,0
2025-07-18 12:17:00,12,18,7,4,68,26,p2,29,71,1001,5.8,238,3,76.6,0.01,0.06,38.74,0.26,22.42,96.0,0
2025-07-18 13:17:00,13,18,7,4,84,39,p2,29,73,1001,6.37,233,3,77.17,0.0,0.07,38.76,0.23,20.36,81.73,0
2025-07-18 14:17:00,14,18,7,4,64,23,p2,29,76,1001,5.82,229,3,77.41,0.0,0.08,39.66,0.25,20.86,87.0,0
2025-07-18 15:17:00,15,18,7,4,68,26,p2,29,77,1002,5.03,236,3,77.38,0.0,0.09,39.58,0.24,19.66,81.89,0
2025-07-18 16:17:00,16,18,7,4,62,22,p2,28,79,1002,5.17,249,3,77.6,0.0,0.09,40.19,0.24,19.42,81.99,0
2025-07-18 17:17:00,17,18,7,4,66,24,p2,28,80,1002,5.64,235,3,77.97,0.0,0.09,40.83,0.26,19.48,82.86,0
2025-07-18 18:17:00,18,18,7,4,67,25,p2,28,81,1002,6.28,226,3,78.26,0.0,0.09,41.41,0.27,19.75,84.11,0
2025-07-18 19:17:00,19,18,7,4,68,26,p2,28,81,1002,6.08,242,3,78.62,0.0,0.09,41.88,0.28,19.92,84.5,0
2025-07-18 20:17:00,20,18,7,4,70,28,p2,28,81,1001,6.26,257,3,79.32,0.0,0.09,42.39,0.29,19.98,84.04,0
2025-07-18 21:17:00,21,18,7,4,67,25,p2,28,82,1000,6.62,267,3,80.02,0.0,0.08,42.79,0.3,20.14,83.93,0
2025-07-18 22:17:00,22,18,7,4,65,24,p2,28,82,1000,6.95,271,3,80.51,0.0,0.09,43.01,0.33,21.08,86.03,0
2025-07-18 23:17:00,23,18,7,4,67,25,p2,28,83,1000,7.14,271,3,80.7,0.0,0.08,43.18,0.31,20.05,76.55,0
2025-07-19 00:17:00,0,19,7,5,68,26,p2,28,82,1000,7.2,271,3,80.81,0.0,0.08,43.27,0.31,20.02,74.56,0
2025-07-19 01:17:00,1,19,7,5,63,22,p2,28,83,1000,7.32,273,3,81.19,0.0,0.08,43.4,0.31,19.9,74.98,0
2025-07-19 02:17:00,2,19,7,5,67,25,p2,28,82,1000,7.81,276,3,81.54,0.0,0.08,43.62,0.31,19.67,74.69,0
2025-07-19 03:17:00,3,19,7,5,63,23,p2,28,81,1001,7.83,275,3,81.95,0.0,0.09,43.9,0.3,19.43,73.18,0
2025-07-19 04:17:00,4,19,7,5,69,27,p2,28,79,1000,7.62,270,3,81.77,0.01,0.08,43.93,0.3,19.41,73.0,0
2025-07-19 05:17:00,5,19,7,5,63,22,p2,29,78,1000,7.13,263,3,81.11,0.01,0.07,43.5,0.3,20.02,76.17,0
2025-07-19 06:17:00,6,19,7,5,69,27,p2,29,77,1000,6.81,260,3,80.0,0.01,0.07,42.75,0.31,21.06,81.46,0
2025-07-19 07:17:00,7,19,7,5,82,37,p2,29,78,999,7.76,262,3,78.81,0.01,0.06,41.96,0.33,22.16,87.24,0
2025-07-19 08:17:00,8,19,7,5,69,27,p2,29,77,998,7.49,261,3,77.54,0.01,0.06,41.29,0.34,22.91,91.6,0
2025-07-19 09:17:00,9,19,7,5,75,31,p2,29,75,998,7.59,259,3,76.74,0.01,0.06,40.73,0.34,23.32,94.59,0
2025-07-19 10:17:00,10,19,7,5,79,34,p2,29,75,997,7.94,254,4,76.58,0.01,0.06,40.85,0.36,24.45,101.35,0
2025-07-19 11:17:00,11,19,7,5,67,25,p2,29,75,997,7.76,245,3,76.56,0.01,0.07,40.5,0.36,23.34,97.14,0
2025-07-19 12:17:00,12,19,7,5,62,22,p2,29,77,997,7.93,244,3,76.72,0.01,0.08,40.59,0.37,22.83,96.61,0
2025-07-19 13:17:00,13,19,7,5,69,27,p2,28,80,997,8.35,236,3,78.63,0.0,0.08,40.54,0.32,21.01,78.36,0
2025-07-19 14:17:00,14,19,7,5,65,24,p2,28,81,997,8.29,235,3,80.06,0.0,0.08,41.32,0.32,19.8,74.52,0
2025-07-19 15:17:00,15,19,7,5,70,27,p2,28,81,998,6.77,228,3,81.72,0.0,0.09,42.05,0.33,18.26,70.16,0
2025-07-19 16:17:00,16,19,7,5,69,27,p2,28,82,998,6.62,218,3,83.79,0.0,0.09,42.72,0.33,16.54,65.3,0
2025-07-19 17:17:00,17,19,7,5,75,31,p2,28,82,998,7.55,252,3,85.9,0.0,0.08,43.27,0.34,15.03,60.86,0
2025-07-19 18:17:00,18,19,7,5,83,38,p2,28,82,999,7.1,251,3,87.79,0.0,0.09,43.47,0.36,14.44,59.52,0
2025-07-19 19:17:00,19,19,7,5,78,33,p2,28,82,999,6.34,262,3,89.22,0.0,0.09,43.34,0.38,14.35,57.75,0
2025-07-19 20:17:00,20,19,7,5,74,31,p2,28,81,998,5.77,268,3,90.28,0.0,0.09,43.17,0.38,14.65,57.97,0
2025-07-19 21:17:00,21,19,7,5,71,28,p2,28,81,997,6.78,256,3,90.71,0.0,0.1,42.98,0.38,14.83,58.93,0
2025-07-19 22:17:00,22,19,7,5,67,25,p2,28,82,997,7.78,272,3,90.22,0.0,0.1,42.78,0.37,14.84,60.3,0
2025-07-19 23:17:00,23,19,7,5,64,23,p2,28,81,997,7.36,268,3,88.53,0.0,0.1,42.19,0.37,14.94,62.31,0
2025-07-20 00:17:00,0,20,7,6,64,23,p2,28,81,998,6.75,273,3,85.95,0.0,0.1,41.11,0.37,15.39,64.95,0
2025-07-20 01:17:00,1,20,7,6,64,23,p2,28,82,998,7.21,284,3,83.73,0.0,0.1,40.19,0.38,15.83,67.64,0
2025-07-20 02:17:00,2,20,7,6,60,20,p2,28,82,998,8.0,285,3,82.51,0.0,0.11,39.81,0.37,15.91,67.49,0
2025-07-20 03:17:00,3,20,7,6,60,20,p2,28,82,998,8.02,282,3,81.98,0.0,0.11,39.96,0.36,15.78,64.85,0
2025-07-20 04:17:00,4,20,7,6,62,22,p2,28,80,999,5.26,282,3,81.64,0.0,0.11,40.39,0.34,15.72,62.59,0
2025-07-20 05:17:00,5,20,7,6,70,28,p2,28,78,999,4.13,284,3,81.2,0.01,0.09,40.88,0.34,16.29,64.39,0
2025-07-20 06:17:00,6,20,7,6,65,24,p2,28,79,999,4.23,265,3,80.27,0.01,0.08,41.11,0.35,17.59,71.05,0
2025-07-20 07:17:00,7,20,7,6,64,23,p2,28,79,998,4.51,264,3,78.78,0.01,0.07,41.1,0.36,19.44,81.55,0
2025-07-20 08:17:00,8,20,7,6,65,24,p2,28,79,998,3.93,259,3,77.15,0.01,0.06,40.88,0.37,21.2,92.05,0
2025-07-20 09:17:00,9,20,7,6,60,20,p2,28,79,997,4.29,270,3,76.25,0.01,0.06,40.86,0.37,22.38,98.34,0
2025-07-20 10:17:00,10,20,7,6,65,24,p2,28,78,997,3.91,277,4,76.28,0.01,0.05,41.39,0.36,23.17,102.29,0
2025-07-20 11:17:00,11,20,7,6,66,25,p2,28,79,997,4.8,259,4,76.77,0.01,0.05,42.46,0.35,23.45,102.91,0
2025-07-20 12:17:00,12,20,7,6,63,22,p2,28,80,997,4.5,261,4,78.22,0.01,0.06,44.89,0.33,23.34,100.54,0
2025-07-20 13:17:00,13,20,7,6,62,21,p2,28,81,997,4.62,254,4,76.52,0.01,0.08,44.73,0.36,23.35,102.62,0
2025-07-20 14:17:00,14,20,7,6,62,21,p2,28,82,997,4.88,250,4,75.49,0.0,0.09,45.21,0.37,22.81,101.79,0
2025-07-20 15:17:00,15,20,7,6,64,23,p2,28,83,998,5.15,235,3,74.75,0.0,0.1,45.66,0.38,22.34,99.89,0
2025-07-20 16:17:00,16,20,7,6,71,28,p2,28,85,998,5.67,241,3,74.78,0.0,0.1,46.2,0.38,22.01,98.01,0
2025-07-20 18:17:00,18,20,7,6,73,30,p2,28,85,999,5.73,242,3,76.28,0.0,0.09,47.73,0.39,22.51,99.96,0
2025-07-20 19:17:00,19,20,7,6,71,29,p2,28,84,998,5.73,252,4,76.74,0.0,0.09,48.2,0.39,23.21,104.2,0
2025-07-20 20:17:00,20,20,7,6,73,30,p2,28,84,998,5.72,255,4,77.21,0.0,0.09,48.44,0.39,24.14,110.2,0
2025-07-20 21:17:00,21,20,7,6,70,28,p2,28,84,998,5.76,259,4,77.05,0.0,0.09,48.24,0.39,25.55,118.84,0
2025-07-20 22:17:00,22,20,7,6,65,24,p2,28,84,998,5.52,256,4,76.55,0.0,0.09,47.87,0.39,27.11,126.81,0
2025-07-20 23:17:00,23,20,7,6,67,26,p2,28,84,998,5.5,256,4,75.68,0.0,0.09,47.42,0.39,28.22,130.25,0
2025-07-21 00:17:00,0,21,7,0,70,27,p2,27,85,998,5.64,257,4,74.75,0.0,0.09,47.09,0.38,28.55,129.04,0
2025-07-21 01:17:00,1,21,7,0,69,27,p2,28,86,999,5.63,259,4,74.11,0.0,0.09,47.0,0.37,27.86,120.69,0
2025-07-21 02:17:00,2,21,7,0,61,21,p2,28,84,1000,5.48,257,4,73.59,0.0,0.09,47.08,0.36,26.97,110.28,0
2025-07-21 03:17:00,3,21,7,0,67,25,p2,28,81,1000,5.87,258,4,73.06,0.0,0.09,47.13,0.35,26.3,103.03,0
2025-07-21 04:17:00,4,21,7,0,70,28,p2,29,79,1000,5.83,251,3,72.49,0.01,0.08,47.26,0.34,25.49,96.56,0
2025-07-21 05:17:00,5,21,7,0,70,27,p2,29,77,1000,6.22,245,3,72.19,0.01,0.07,47.48,0.35,25.38,96.75,0
2025-07-21 06:17:00,6,21,7,0,67,25,p2,29,77,1000,5.59,242,3,72.45,0.01,0.06,47.55,0.32,23.95,90.24,0
2025-07-21 07:17:00,7,21,7,0,67,25,p2,29,77,999,6.45,243,3,72.32,0.01,0.05,47.38,0.33,24.49,99.71,0
2025-07-21 08:17:00,8,21,7,0,71,29,p2,29,77,999,6.52,246,3,72.37,0.01,0.04,46.78,0.32,23.51,97.67,0
2025-07-21 09:17:00,9,21,7,0,71,28,p2,29,77,999,6.68,251,3,72.24,0.01,0.04,46.14,0.32,23.25,99.97,0
2025-07-21 10:17:00,10,21,7,0,71,28,p2,29,77,999,6.49,249,4,72.17,0.01,0.04,45.68,0.32,23.07,102.44,0
2025-07-21 11:17:00,11,21,7,0,77,33,p2,29,78,999,6.29,250,4,71.91,0.01,0.04,45.36,0.33,22.92,104.02,0
2025-07-21 12:17:00,12,21,7,0,73,30,p2,29,79,999,6.01,248,4,71.3,0.01,0.05,45.32,0.33,22.69,103.99,0
2025-07-21 13:17:00,13,21,7,0,76,32,p2,29,79,999,6.04,238,4,71.11,0.0,0.06,45.59,0.34,22.3,100.97,0
2025-07-21 14:17:00,14,21,7,0,71,29,p2,28,81,999,6.38,237,3,71.0,0.0,0.07,46.06,0.34,21.8,97.27,0
2025-07-21 15:17:00,15,21,7,0,69,27,p2,28,82,1000,6.34,232,3,74.47,0.0,0.07,48.41,0.27,17.9,71.11,0
2025-07-21 16:17:00,16,21,7,0,67,25,p2,28,82,1001,5.96,241,3,74.34,0.0,0.07,48.66,0.28,18.03,74.06,0
2025-07-21 17:17:00,17,21,7,0,91,44,p2,28,81,1001,5.32,251,3,74.36,0.0,0.07,49.11,0.29,17.86,74.93,0
2025-07-21 18:17:00,18,21,7,0,78,34,p2,28,80,1001,4.29,262,3,74.58,0.0,0.07,49.74,0.29,17.64,74.52,0
2025-07-21 19:17:00,19,21,7,0,79,34,p2,28,80,1001,4.57,264,3,74.64,0.0,0.07,50.23,0.3,17.51,73.79,0
2025-07-21 20:17:00,20,21,7,0,79,34,p2,28,80,1001,4.54,261,3,74.68,0.0,0.07,50.7,0.31,17.61,73.73,0
2025-07-21 21:17:00,21,21,7,0,68,26,p2,28,80,1000,4.56,254,3,74.63,0.0,0.07,51.04,0.32,17.71,73.97,0
2025-07-21 22:17:00,22,21,7,0,64,23,p2,28,80,1000,4.64,261,3,74.58,0.0,0.07,51.18,0.31,17.66,74.24,0
2025-07-21 23:17:00,23,21,7,0,63,23,p2,28,80,1000,5.04,269,3,74.42,0.0,0.07,51.26,0.31,17.51,74.97,0
2025-07-22 01:17:00,1,22,7,1,60,20,p2,28,81,1001,4.9,275,3,73.93,0.0,0.07,51.13,0.3,17.09,76.38,0
2025-07-22 02:17:00,2,22,7,1,61,20,p2,28,80,1001,5.2,263,3,73.66,0.0,0.08,51.14,0.3,16.98,75.78,0
2025-07-22 03:17:00,3,22,7,1,64,23,p2,28,79,1001,5.17,253,3,73.36,0.01,0.07,51.1,0.3,16.91,74.03,0
2025-07-22 04:17:00,4,22,7,1,66,24,p2,29,77,1002,4.97,246,3,72.9,0.01,0.06,50.92,0.29,16.81,72.28,0
2025-07-22 05:17:00,5,22,7,1,88,41,p2,29,75,1002,5.41,242,3,72.44,0.01,0.05,50.42,0.29,16.84,71.34,0
2025-07-22 06:17:00,6,22,7,1,71,29,p2,29,75,1001,5.5,240,3,72.04,0.01,0.04,49.46,0.28,16.8,69.85,0
2025-07-22 07:17:00,7,22,7,1,77,33,p2,30,74,1001,6.1,238,3,71.82,0.01,0.04,48.15,0.27,16.52,67.16,0
2025-07-22 08:17:00,8,22,7,1,70,28,p2,30,75,1000,6.28,241,3,71.68,0.01,0.04,46.67,0.27,16.16,63.55,0
2025-07-22 10:17:00,10,22,7,1,66,25,p2,30,75,999,7.25,247,3,72.03,0.01,0.03,44.07,0.26,14.56,54.11,0
2025-07-22 11:17:00,11,22,7,1,66,24,p2,30,76,999,7.32,244,3,72.14,0.01,0.04,43.18,0.26,14.12,50.87,0
2025-07-22 12:17:00,12,22,7,1,64,23,p2,29,78,998,7.65,245,2,72.07,0.01,0.05,42.54,0.27,14.22,49.85,0
2025-07-22 13:17:00,13,22,7,1,70,28,p2,29,80,999,7.72,245,2,72.08,0.0,0.06,42.95,0.24,13.27,43.21,0
2025-07-22 14:17:00,14,22,7,1,65,24,p2,29,82,999,7.32,245,2,72.35,0.0,0.07,42.58,0.25,13.27,42.09,0
2025-07-22 15:17:00,15,22,7,1,73,30,p2,28,83,999,7.59,239,2,72.85,0.0,0.07,42.41,0.26,13.54,43.84,0
2025-07-22 16:17:00,16,22,7,1,79,34,p2,28,84,999,8.02,238,3,73.43,0.0,0.07,42.45,0.29,15.08,53.46,0
2025-07-22 17:17:00,17,22,7,1,81,36,p2,28,85,1000,7.98,244,3,74.68,0.0,0.07,42.96,0.28,13.99,50.78,0
2025-07-22 18:17:00,18,22,7,1,73,30,p2,28,85,1000,7.78,246,3,76.03,0.0,0.07,43.71,0.3,14.49,55.41,0
2025-07-22 19:17:00,19,22,7,1,71,28,p2,28,85,1000,8.11,245,3,77.44,0.0,0.07,44.53,0.31,14.91,56.95,0
2025-07-22 20:17:00,20,22,7,1,75,32,p2,28,84,1000,8.11,247,3,78.96,0.0,0.07,45.51,0.3,15.02,54.24,0
2025-07-22 21:17:00,21,22,7,1,62,21,p2,28,83,1000,8.06,251,2,80.51,0.0,0.07,46.34,0.28,14.83,49.65,0
2025-07-22 22:17:00,22,22,7,1,61,21,p2,28,83,999,8.14,251,2,81.56,0.0,0.07,47.03,0.27,14.67,48.74,0
2025-07-22 23:17:00,23,22,7,1,64,23,p2,28,83,998,8.08,248,3,82.17,0.0,0.07,47.43,0.28,14.81,50.65,0
2025-07-23 00:17:00,0,23,7,2,58,19,p2,27,83,998,7.65,248,3,82.47,0.0,0.07,47.67,0.28,15.03,52.4,0
2025-07-23 01:17:00,1,23,7,2,56,17,p2,28,82,998,7.66,254,3,82.55,0.0,0.07,48.05,0.29,15.07,51.65,0
2025-07-23 02:17:00,2,23,7,2,58,19,p2,28,82,999,7.97,257,3,82.5,0.0,0.08,48.51,0.3,15.3,53.45,0
2025-07-23 03:17:00,3,23,7,2,58,19,p2,28,82,999,8.14,255,3,81.75,0.0,0.08,49.25,0.33,16.95,65.07,0
2025-07-23 04:17:00,4,23,7,2,60,20,p2,28,80,999,8.15,251,3,81.86,0.0,0.08,49.98,0.32,15.91,60.42,0
2025-07-23 05:17:00,5,23,7,2,58,18,p2,29,78,999,8.4,250,3,81.76,0.01,0.06,50.94,0.32,15.64,61.5,0
2025-07-23 06:17:00,6,23,7,2,62,22,p2,29,77,999,8.43,251,3,81.62,0.01,0.05,51.6,0.32,15.39,62.55,0
2025-07-23 07:17:00,7,23,7,2,73,30,p2,29,77,998,8.39,251,3,80.86,0.01,0.05,51.64,0.33,15.44,66.24,0
2025-07-23 08:17:00,8,23,7,2,65,24,p2,29,76,997,8.98,249,3,79.22,0.01,0.04,50.85,0.35,16.07,70.91,0
2025-07-23 09:17:00,9,23,7,2,67,25,p2,29,77,997,8.98,251,3,77.35,0.01,0.04,49.45,0.37,16.88,73.92,0
2025-07-23 10:17:00,10,23,7,2,64,23,p2,29,78,996,8.99,252,3,74.87,0.01,0.04,47.98,0.41,18.66,81.8,0
2025-07-23 11:17:00,11,23,7,2,67,25,p2,29,79,996,9.06,250,3,74.01,0.01,0.05,46.99,0.43,19.25,84.02,0
2025-07-23 12:17:00,12,23,7,2,62,21,p2,29,80,995,8.79,244,3,73.86,0.01,0.05,46.6,0.45,19.63,85.51,0
2025-07-23 13:17:00,13,23,7,2,57,17,p2,29,81,995,8.78,240,3,74.28,0.0,0.06,46.79,0.44,19.11,82.79,0
2025-07-23 14:17:00,14,23,7,2,61,20,p2,28,82,996,9.02,234,3,75.14,0.0,0.07,47.36,0.45,18.81,82.09,0
2025-07-23 15:17:00,15,23,7,2,60,20,p2,28,84,996,9.09,233,3,75.05,0.0,0.07,46.0,0.41,15.64,66.5,0
2025-07-23 16:17:00,16,23,7,2,60,20,p2,28,85,997,8.56,235,3,75.75,0.0,0.08,46.26,0.41,14.7,62.59,0
2025-07-23 17:17:00,17,23,7,2,67,25,p2,28,84,997,8.2,242,3,76.56,0.0,0.08,46.55,0.42,15.21,65.05,0
2025-07-23 18:17:00,18,23,7,2,69,27,p2,28,83,997,7.35,244,3,77.45,0.0,0.08,46.93,0.44,17.48,75.44,0
2025-07-23 19:17:00,19,23,7,2,66,24,p2,28,83,997,7.31,244,3,78.53,0.0,0.08,47.26,0.45,20.71,89.18,0
2025-07-23 20:17:00,20,23,7,2,68,26,p2,28,83,996,7.52,244,4,79.94,0.0,0.08,47.66,0.45,23.81,101.66,0
2025-07-23 21:17:00,21,23,7,2,64,23,p2,28,83,996,7.66,245,4,80.87,0.0,0.08,47.81,0.45,26.26,110.86,0
2025-07-23 22:17:00,22,23,7,2,62,21,p2,28,83,995,7.82,248,4,81.03,0.0,0.08,47.77,0.44,27.53,115.64,0
2025-07-23 23:17:00,23,23,7,2,56,17,p2,28,84,995,8.07,252,4,80.49,0.0,0.08,47.57,0.44,27.43,114.18,0
2025-07-24 00:17:00,0,24,7,3,53,15,p2,28,84,995,7.91,255,4,79.83,0.0,0.08,47.45,0.43,26.25,109.03,0
2025-07-24 01:17:00,1,24,7,3,58,18,p2,28,84,996,7.22,258,4,79.32,0.0,0.08,47.53,0.43,24.73,104.2,0
2025-07-24 02:17:00,2,24,7,3,51,13,p2,28,83,996,7.0,254,4,78.74,0.0,0.08,47.74,0.43,23.25,101.18,0
2025-07-24 03:17:00,3,24,7,3,62,22,p2,28,80,997,6.74,249,3,78.02,0.0,0.08,47.93,0.44,22.11,98.18,0
2025-07-24 04:17:00,4,24,7,3,61,21,p2,28,79,997,6.24,245,3,77.25,0.01,0.08,48.03,0.44,21.66,97.9,0
2025-07-24 05:17:00,5,24,7,3,61,20,p2,29,77,998,6.29,241,4,76.27,0.01,0.07,47.96,0.44,22.08,101.36,0
2025-07-24 06:17:00,6,24,7,3,59,19,p2,29,76,997,6.8,241,4,75.42,0.01,0.06,47.76,0.44,22.89,105.97,0
2025-07-24 07:17:00,7,24,7,3,60,20,p2,30,74,997,6.94,240,4,74.9,0.01,0.06,47.43,0.44,23.86,110.73,0
2025-07-24 08:17:00,8,24,7,3,77,33,p2,30,73,996,6.78,240,4,74.43,0.01,0.05,46.79,0.43,24.75,114.84,0
2025-07-24 09:17:00,9,24,7,3,66,24,p2,30,72,996,7.03,246,4,74.3,0.01,0.05,46.02,0.43,25.57,118.32,0
2025-07-24 10:17:00,10,24,7,3,60,20,p2,30,72,995,6.95,252,4,74.61,0.01,0.05,45.52,0.42,26.27,121.21,0
2025-07-24 11:17:00,11,24,7,3,61,21,p2,30,72,995,6.69,251,4,75.13,0.01,0.05,45.44,0.43,26.61,122.06,0
2025-07-24 12:17:00,12,24,7,3,59,20,p2,29,72,994,6.51,249,4,75.65,0.01,0.06,45.59,0.43,26.66,121.47,0
2025-07-24 13:17:00,13,24,7,3,54,15,p2,29,73,995,6.18,241,3,76.88,0.01,0.06,45.26,0.38,21.93,90.99,0
2025-07-24 14:17:00,14,24,7,3,60,20,p2,29,75,995,6.06,239,3,77.47,0.0,0.08,45.6,0.38,20.83,86.77,0
2025-07-24 15:17:00,15,24,7,3,60,20,p2,29,77,996,6.6,238,3,78.1,0.0,0.08,46.05,0.38,19.87,82.94,0
2025-07-24 16:17:00,16,24,7,3,65,24,p2,28,81,996,7.24,240,3,78.8,0.0,0.09,46.43,0.38,19.32,80.36,0
2025-07-24 17:17:00,17,24,7,3,64,23,p2,28,82,997,7.26,245,3,79.65,0.0,0.09,46.8,0.38,19.26,79.47,0
2025-07-24 18:17:00,18,24,7,3,63,22,p2,28,82,997,6.58,237,3,80.34,0.0,0.09,46.99,0.38,19.85,80.42,0
2025-07-24 19:17:00,19,24,7,3,63,23,p2,28,81,997,6.3,237,3,80.58,0.0,0.09,46.82,0.37,21.08,82.11,0
2025-07-24 20:17:00,20,24,7,3,64,23,p2,27,81,997,6.09,240,3,80.46,0.0,0.09,46.45,0.37,22.98,87.17,0
2025-07-24 21:17:00,21,24,7,3,64,23,p2,27,82,997,5.78,241,3,79.94,0.0,0.09,45.75,0.39,25.23,95.89,0
2025-07-24 22:17:00,22,24,7,3,70,27,p2,27,81,996,5.09,249,4,78.8,0.0,0.09,45.07,0.4,26.77,101.51,0
2025-07-24 23:17:00,23,24,7,3,63,22,p2,27,80,996,5.7,254,4,77.83,0.0,0.09,44.6,0.41,26.87,100.62,0
2025-07-25 00:17:00,0,25,7,4,60,20,p2,27,81,997,5.66,260,3,77.0,0.0,0.09,44.48,0.41,26.23,97.03,0
2025-07-25 01:17:00,1,25,7,4,55,16,p2,27,81,997,5.49,257,3,76.23,0.0,0.09,44.72,0.42,26.48,99.1,0
2025-07-25 02:17:00,2,25,7,4,57,17,p2,27,81,997,6.09,251,3,75.99,0.0,0.09,45.09,0.4,24.94,92.72,0
2025-07-25 03:17:00,3,25,7,4,58,18,p2,28,78,997,6.06,248,4,75.43,0.01,0.09,45.78,0.42,25.95,101.17,0
2025-07-25 04:17:00,4,25,7,4,71,28,p2,28,76,998,6.15,244,3,75.75,0.01,0.07,46.48,0.39,24.75,97.2,0
2025-07-25 05:17:00,5,25,7,4,61,20,p2,29,74,998,6.12,244,4,75.76,0.01,0.06,47.14,0.39,25.06,102.63,0
2025-07-25 06:17:00,6,25,7,4,62,21,p2,29,72,998,5.9,242,4,75.78,0.01,0.05,47.51,0.4,25.43,107.93,0
2025-07-25 07:17:00,7,25,7,4,61,21,p2,30,72,997,6.44,241,4,75.89,0.01,0.05,47.71,0.4,25.85,112.87,0
2025-07-25 08:17:00,8,25,7,4,68,26,p2,30,71,997,6.73,243,4,76.12,0.01,0.04,47.79,0.41,26.35,117.51,0
2025-07-25 09:17:00,9,25,7,4,73,30,p2,30,72,996,7.1,247,4,76.38,0.01,0.04,47.78,0.41,26.89,121.41,0
2025-07-25 10:17:00,10,25,7,4,64,23,p2,30,73,996,7.55,249,4,76.59,0.01,0.04,48.01,0.42,27.52,124.93,0
2025-07-25 11:17:00,11,25,7,4,61,21,p2,29,74,996,7.27,250,4,76.55,0.01,0.05,48.46,0.44,27.91,126.78,0
2025-07-25 12:17:00,12,25,7,4,57,18,p2,29,75,996,6.79,250,4,76.19,0.01,0.05,49.31,0.46,27.96,126.54,0
2025-07-25 13:17:00,13,25,7,4,63,22,p2,29,77,996,7.14,249,4,76.27,0.0,0.07,50.5,0.47,27.93,125.78,0
2025-07-25 14:17:00,14,25,7,4,64,23,p2,28,79,996,7.31,248,4,76.38,0.0,0.08,51.84,0.48,28.11,126.25,0
2025-07-25 15:17:00,15,25,7,4,71,29,p2,28,81,997,7.03,242,3,78.78,0.0,0.08,53.31,0.4,23.72,90.69,0
2025-07-25 16:17:00,16,25,7,4,69,27,p2,28,83,997,7.12,235,3,78.95,0.0,0.08,54.43,0.41,24.0,90.91,0
2025-07-25 17:17:00,17,25,7,4,64,23,p2,28,82,998,6.52,241,3,79.14,0.0,0.08,55.26,0.42,24.79,92.18,0
2025-07-25 18:17:00,18,25,7,4,76,32,p2,28,82,999,6.76,254,3,78.72,0.0,0.08,55.38,0.43,26.18,95.9,0
2025-07-25 19:17:00,19,25,7,4,62,22,p2,28,83,998,7.26,247,3,77.4,0.0,0.09,54.45,0.44,27.72,99.81,0
2025-07-25 20:17:00,20,25,7,4,74,30,p2,28,83,998,7.44,248,4,76.17,0.0,0.09,53.29,0.44,29.03,101.33,0
2025-07-25 21:17:00,21,25,7,4,72,30,p2,28,82,997,7.52,253,4,75.14,0.0,0.09,52.33,0.44,29.99,101.76,0
2025-07-25 22:17:00,22,25,7,4,63,22,p2,28,81,997,7.32,257,3,74.59,0.0,0.09,51.79,0.43,30.59,99.36,0
2025-07-25 23:17:00,23,25,7,4,63,22,p2,28,81,997,7.45,265,3,74.27,0.0,0.09,51.51,0.43,31.16,97.94,0
2025-07-26 00:17:00,0,26,7,5,56,17,p2,28,80,997,7.58,267,3,73.88,0.0,0.08,51.58,0.42,31.61,99.05,0
2025-07-26 01:17:00,1,26,7,5,57,18,p2,27,80,997,7.53,271,3,74.12,0.0,0.08,52.05,0.41,31.52,99.85,0
2025-07-26 02:17:00,2,26,7,5,61,21,p2,28,79,998,6.48,265,4,74.2,0.0,0.08,52.67,0.41,31.46,102.82,0
2025-07-26 03:17:00,3,26,7,5,65,24,p2,28,78,998,6.35,255,4,73.82,0.0,0.09,52.9,0.42,31.68,108.37,0
2025-07-26 04:17:00,4,26,7,5,61,21,p2,28,76,999,6.92,254,4,73.03,0.0,0.09,52.71,0.44,32.12,117.84,0
2025-07-26 05:17:00,5,26,7,5,64,23,p2,29,75,999,7.8,259,4,72.19,0.01,0.07,52.13,0.46,32.48,127.85,0
2025-07-26 06:17:00,6,26,7,5,63,23,p2,29,74,998,8.21,257,4,71.09,0.01,0.06,51.43,0.48,32.5,135.45,0
2025-07-26 07:17:00,7,26,7,5,72,30,p2,29,73,998,8.24,252,4,70.28,0.01,0.05,50.64,0.5,32.17,141.4,0
2025-07-26 08:17:00,8,26,7,5,64,23,p2,29,72,998,7.78,249,4,69.79,0.01,0.05,50.02,0.51,31.67,145.78,0
2025-07-26 09:17:00,9,26,7,5,70,28,p2,29,72,997,7.91,255,4,69.71,0.01,0.05,49.54,0.51,31.25,148.79,0
2025-07-26 10:17:00,10,26,7,5,79,34,p2,29,72,997,8.03,261,4,70.11,0.01,0.05,49.17,0.51,31.07,150.75,0
2025-07-26 11:17:00,11,26,7,5,72,29,p2,29,73,996,8.31,258,4,70.58,0.01,0.05,49.01,0.52,30.96,151.0,0
2025-07-26 12:17:00,12,26,7,5,67,25,p2,29,75,996,7.15,255,4,71.18,0.01,0.06,49.2,0.52,31.13,150.94,0
2025-07-26 13:17:00,13,26,7,5,62,22,p2,28,77,996,6.82,247,4,72.08,0.0,0.07,49.72,0.54,31.9,152.86,0
2025-07-26 14:17:00,14,26,7,5,67,25,p2,28,79,997,7.0,245,4,73.25,0.0,0.08,50.64,0.56,34.56,163.53,0
2025-07-26 15:17:00,15,26,7,5,71,28,p2,28,80,997,7.45,245,4,74.05,0.0,0.09,50.64,0.53,31.28,136.92,0
2025-07-26 16:17:00,16,26,7,5,73,30,p2,28,80,998,7.7,250,4,74.49,0.0,0.09,51.31,0.55,33.48,146.43,0
2025-07-26 17:17:00,17,26,7,5,82,37,p2,28,80,998,7.56,256,4,74.61,0.0,0.09,51.91,0.56,35.68,156.45,0
2025-07-26 18:17:00,18,26,7,5,87,41,p2,28,79,998,7.65,257,4,74.39,0.0,0.09,52.2,0.58,37.73,166.54,0
2025-07-26 19:17:00,19,26,7,5,79,34,p2,27,78,998,7.34,260,4,73.65,0.0,0.09,52.11,0.6,39.07,174.78,0
2025-07-26 20:17:00,20,26,7,5,81,36,p2,27,78,998,7.34,266,4,72.86,0.0,0.09,51.85,0.6,39.52,179.8,0
2025-07-26 21:17:00,21,26,7,5,64,23,p2,27,79,997,6.64,257,4,72.01,0.0,0.09,51.55,0.61,39.32,182.04,0
2025-07-26 22:17:00,22,26,7,5,73,30,p2,27,79,997,7.45,257,4,71.51,0.0,0.09,51.26,0.62,38.74,181.14,0
2025-07-26 23:17:00,23,26,7,5,64,23,p2,27,80,997,7.27,257,4,70.82,0.0,0.09,50.83,0.62,37.78,177.58,0
2025-07-27 00:17:00,0,27,7,6,68,26,p2,27,80,997,6.93,260,4,70.33,0.0,0.09,50.45,0.62,36.78,173.61,0
2025-07-27 01:17:00,1,27,7,6,61,21,p2,27,79,998,7.03,259,4,70.16,0.0,0.09,50.38,0.61,35.86,170.44,0
2025-07-27 02:17:00,2,27,7,6,70,28,p2,27,79,998,7.22,257,4,70.25,0.0,0.09,50.74,0.59,34.81,167.11,0
2025-07-27 03:17:00,3,27,7,6,63,22,p2,27,78,998,7.79,263,4,70.2,0.0,0.09,50.79,0.59,33.59,163.34,0
2025-07-27 04:17:00,4,27,7,6,63,23,p2,28,77,999,7.27,262,4,69.41,0.0,0.09,50.2,0.59,32.37,159.19,0
2025-07-27 05:17:00,5,27,7,6,62,21,p2,28,77,999,7.29,258,4,68.64,0.01,0.08,49.31,0.6,31.23,155.13,0
2025-07-27 06:17:00,6,27,7,6,63,22,p2,28,75,998,7.24,256,4,68.09,0.01,0.07,48.84,0.6,30.25,151.96,0
2025-07-27 07:17:00,7,27,7,6,90,43,p2,29,74,998,7.56,253,4,68.72,0.01,0.07,49.27,0.58,29.57,150.38,0
2025-07-27 08:17:00,8,27,7,6,66,25,p2,29,74,997,7.36,249,4,69.94,0.01,0.06,50.22,0.55,29.94,154.11,0
2025-07-27 09:17:00,9,27,7,6,63,22,p2,29,74,997,7.76,243,4,70.9,0.01,0.06,50.85,0.54,31.46,163.08,0
2025-07-27 10:17:00,10,27,7,6,62,21,p2,29,74,997,7.6,240,4,71.54,0.01,0.06,50.93,0.54,33.35,173.66,0
2025-07-27 15:17:00,15,27,7,6,69,27,p2,28,79,998,6.91,234,4,73.54,0.0,0.09,51.0,0.56,34.9,175.49,0
2025-07-27 16:17:00,16,27,7,6,74,30,p2,28,79,999,6.91,235,4,73.66,0.0,0.09,50.7,0.55,36.86,185.55,0
2025-07-27 17:17:00,17,27,7,6,81,36,p2,28,78,999,7.41,244,4,73.49,0.0,0.09,50.21,0.54,37.0,187.84,0
2025-07-27 18:17:00,18,27,7,6,81,36,p2,27,80,999,7.95,249,4,72.91,0.0,0.09,49.5,0.55,37.37,191.53,0
2025-07-27 19:17:00,19,27,7,6,79,34,p2,27,81,999,7.49,256,4,71.45,0.0,0.1,47.68,0.58,36.2,185.47,0
2025-07-27 20:17:00,20,27,7,6,73,30,p2,27,80,999,7.74,262,4,70.95,0.0,0.1,46.81,0.58,35.24,182.84,0
2025-07-27 21:17:00,21,27,7,6,71,29,p2,27,79,998,7.43,267,4,70.25,0.0,0.11,45.53,0.6,33.75,174.31,0
2025-07-27 22:17:00,22,27,7,6,67,25,p2,27,79,998,7.27,270,4,70.08,0.0,0.1,45.18,0.6,32.7,168.45,0
2025-07-27 23:17:00,23,27,7,6,71,29,p2,27,79,998,7.13,265,4,70.53,0.0,0.1,45.58,0.59,32.12,165.75,0
2025-07-28 00:17:00,0,28,7,0,65,24,p2,27,80,998,7.77,259,4,71.08,0.0,0.1,46.01,0.58,31.5,163.19,0
2025-07-28 01:17:00,1,28,7,0,71,29,p2,27,80,999,7.99,257,4,71.16,0.0,0.1,45.92,0.59,30.78,159.47,0
2025-07-28 02:17:00,2,28,7,0,68,26,p2,27,79,999,7.76,255,4,70.99,0.0,0.1,45.55,0.59,30.03,154.57,0
2025-07-28 03:17:00,3,28,7,0,69,27,p2,27,79,999,8.23,255,4,70.57,0.0,0.11,45.04,0.61,29.05,148.28,0
2025-07-28 04:17:00,4,28,7,0,72,29,p2,28,78,1000,8.2,251,4,70.14,0.0,0.1,45.02,0.61,28.36,143.78,0
2025-07-28 05:17:00,5,28,7,0,74,30,p2,28,78,999,8.06,253,4,70.24,0.0,0.1,45.53,0.62,28.25,142.76,0
2025-07-28 06:17:00,6,28,7,0,75,32,p2,29,76,999,8.34,254,4,70.33,0.0,0.1,46.2,0.63,28.23,142.09,0
2025-07-28 07:17:00,7,28,7,0,81,36,p2,29,74,999,8.89,253,4,70.53,0.01,0.09,46.6,0.62,27.66,138.75,0
2025-07-28 08:17:00,8,28,7,0,78,34,p2,29,75,998,9.52,254,4,70.29,0.01,0.08,46.65,0.62,27.17,135.93,0
2025-07-28 09:17:00,9,28,7,0,74,31,p2,29,75,998,9.6,254,4,70.26,0.0,0.08,46.53,0.61,27.52,138.07,0
2025-07-28 10:17:00,10,28,7,0,82,37,p2,29,76,997,9.8,255,4,70.96,0.0,0.07,46.89,0.6,29.24,146.96,0
2025-07-28 11:17:00,11,28,7,0,66,24,p2,29,77,997,9.52,252,4,71.33,0.0,0.07,47.28,0.58,30.16,151.39,0
2025-07-28 12:17:00,12,28,7,0,64,23,p2,28,78,997,8.47,249,4,71.81,0.0,0.08,47.66,0.56,31.28,156.19,0
2025-07-28 13:17:00,13,28,7,0,68,26,p2,28,80,997,8.45,246,4,71.98,0.0,0.08,47.71,0.56,32.19,160.05,0
2025-07-28 14:17:00,14,28,7,0,75,31,p2,28,82,997,8.46,245,4,71.5,0.0,0.1,47.18,0.58,32.83,162.3,0
2025-07-28 15:17:00,15,28,7,0,64,23,p2,28,81,998,8.35,248,4,69.8,0.0,0.1,45.35,0.61,32.47,163.04,0
2025-07-28 16:17:00,16,28,7,0,72,29,p2,28,80,999,8.34,249,4,69.78,0.0,0.1,45.41,0.61,33.38,167.78,0
2025-07-28 17:17:00,17,28,7,0,74,31,p2,28,81,999,8.2,251,4,69.87,0.0,0.1,45.53,0.62,33.72,169.79,0
2025-07-28 18:17:00,18,28,7,0,81,36,p2,27,80,1000,8.39,252,4,69.64,0.0,0.1,45.6,0.63,33.39,167.77,0
2025-07-28 19:17:00,19,28,7,0,77,33,p2,27,80,1000,8.62,252,4,69.27,0.0,0.1,45.41,0.64,32.25,161.67,0
2025-07-28 20:17:00,20,28,7,0,79,34,p2,27,80,999,9.3,256,4,68.61,0.0,0.1,45.23,0.67,30.57,151.44,0
2025-07-28 21:17:00,21,28,7,0,73,30,p2,27,81,998,9.62,257,4,69.05,0.0,0.1,45.86,0.65,29.65,148.27,0
2025-07-28 22:17:00,22,28,7,0,79,35,p2,27,80,997,9.71,260,4,69.49,0.0,0.1,46.8,0.64,28.51,142.33,0
2025-07-28 23:17:00,23,28,7,0,77,33,p2,27,80,997,9.58,265,4,70.08,0.0,0.09,47.85,0.64,27.98,139.41,0
2025-07-29 00:17:00,0,29,7,1,77,33,p2,27,80,997,9.27,260,4,70.13,0.0,0.09,48.37,0.66,27.22,133.68,0
2025-07-29 01:17:00,1,29,7,1,77,33,p2,27,81,998,9.65,260,4,69.96,0.0,0.09,48.53,0.66,26.19,127.77,0
2025-07-29 02:17:00,2,29,7,1,79,34,p2,27,82,998,9.76,260,4,69.72,0.0,0.09,48.56,0.65,24.66,118.46,0
2025-07-29 03:17:00,3,29,7,1,88,41,p2,27,81,998,9.99,261,4,69.75,0.0,0.08,48.91,0.65,24.06,115.75,0
2025-07-29 04:17:00,4,29,7,1,83,37,p2,28,80,999,10.18,260,4,70.22,0.01,0.07,49.46,0.65,24.47,119.97,0
2025-07-29 06:17:00,6,29,7,1,65,24,p2,29,77,999,10.32,261,4,71.47,0.01,0.06,66.15,0.64,0.5,125.23,0
2025-07-29 07:17:00,7,29,7,1,92,44,p2,29,75,998,11.01,261,4,71.72,0.01,0.05,49.03,0.63,25.26,125.98,0
2025-07-29 08:17:00,8,29,7,1,78,34,p2,29,76,998,10.98,258,4,71.67,0.01,0.05,47.65,0.63,25.96,127.85,0
2025-07-29 10:17:00,10,29,7,1,72,29,p2,29,75,996,10.35,255,4,72.58,0.01,0.05,45.87,0.64,29.48,140.92,0
2025-07-29 11:17:00,11,29,7,1,68,26,p2,29,77,996,10.03,248,4,73.7,0.01,0.05,45.86,0.62,30.83,146.16,0
2025-07-29 12:17:00,12,29,7,1,64,23,p2,28,79,996,9.88,245,4,74.56,0.01,0.06,46.06,0.62,32.87,154.91,0
2025-07-29 13:17:00,13,29,7,1,63,22,p2,28,79,997,9.9,248,4,75.1,0.0,0.07,46.31,0.59,32.32,156.21,0
2025-07-29 14:17:00,14,29,7,1,75,32,p2,27,82,997,9.44,245,4,74.81,0.0,0.09,46.19,0.6,34.48,165.05,0
2025-07-29 15:17:00,15,29,7,1,77,33,p2,27,82,998,8.74,249,4,73.98,0.0,0.1,45.79,0.62,36.42,173.6,0
2025-07-29 16:17:00,16,29,7,1,82,37,p2,27,81,998,8.73,256,4,72.98,0.0,0.1,45.45,0.63,37.59,180.19,0
2025-07-29 17:17:00,17,29,7,1,85,39,p2,27,81,998,8.74,257,4,71.69,0.0,0.1,45.18,0.64,37.8,183.27,0
2025-07-29 18:17:00,18,29,7,1,91,44,p2,27,81,999,8.95,260,4,70.02,0.0,0.1,44.55,0.67,37.07,180.57,0
2025-07-29 19:17:00,19,29,7,1,83,37,p2,27,80,998,9.08,261,4,67.67,0.0,0.11,43.62,0.71,35.5,170.75,0
2025-07-29 20:17:00,20,29,7,1,86,40,p2,27,80,998,8.98,259,4,67.08,0.0,0.11,43.48,0.71,34.24,165.57,0
2025-07-29 21:17:00,21,29,7,1,85,39,p2,27,80,997,8.84,257,4,66.6,0.0,0.11,43.53,0.72,33.36,160.21,0
2025-07-29 22:17:00,22,29,7,1,78,34,p2,27,80,997,9.1,263,4,66.84,0.0,0.1,44.26,0.72,33.15,158.89,0
2025-07-29 23:17:00,23,29,7,1,77,33,p2,27,80,996,8.75,262,4,66.8,0.0,0.11,44.8,0.74,33.44,158.26,0
2025-07-30 00:17:00,0,30,7,2,78,34,p2,27,81,996,8.2,258,4,67.19,0.0,0.1,45.43,0.72,33.38,159.09,0
2025-07-30 01:17:00,1,30,7,2,81,36,p2,27,83,996,8.82,256,4,67.3,0.0,0.1,45.68,0.73,33.25,157.99,0
2025-07-30 02:17:00,2,30,7,2,82,37,p2,27,83,997,9.01,252,4,67.2,0.0,0.1,45.74,0.74,32.69,154.97,0
2025-07-30 03:17:00,3,30,7,2,95,46,p2,27,81,997,9.66,255,4,67.5,0.0,0.09,46.34,0.74,32.26,153.48,0
2025-07-30 04:17:00,4,30,7,2,90,43,p2,28,81,998,9.58,255,4,68.33,0.01,0.09,47.63,0.73,32.16,154.11,0
2025-07-30 05:17:00,5,30,7,2,77,33,p2,28,80,998,9.44,254,4,68.49,0.01,0.08,48.34,0.72,31.61,151.74,0
2025-07-30 06:17:00,6,30,7,2,76,32,p2,28,79,998,9.52,256,4,68.57,0.01,0.07,49.04,0.7,31.61,150.71,0
2025-07-30 07:17:00,7,30,7,2,84,38,p2,29,77,997,9.58,256,4,68.58,0.01,0.06,49.29,0.69,32.02,151.81,0
2025-07-30 08:17:00,8,30,7,2,84,38,p2,29,76,997,8.98,254,4,68.57,0.01,0.05,49.24,0.67,32.67,154.76,0
2025-07-30 09:17:00,9,30,7,2,81,36,p2,29,75,997,8.76,254,4,69.46,0.01,0.05,49.08,0.66,34.42,162.64,0
2025-07-30 10:17:00,10,30,7,2,67,25,p2,29,77,996,7.89,247,4,69.66,0.01,0.05,48.43,0.66,34.95,161.37,0
2025-07-30 11:17:00,11,30,7,2,62,21,p2,28,80,996,8.3,243,4,69.2,0.01,0.06,47.87,0.67,34.92,157.02,0
2025-07-30 12:17:00,12,30,7,2,67,25,p2,28,80,996,7.67,236,4,69.64,0.01,0.07,47.53,0.68,35.9,155.81,0
2025-07-30 13:17:00,13,30,7,2,78,34,p2,28,79,996,7.28,235,4,71.2,0.0,0.09,47.67,0.69,38.61,159.4,0
2025-07-30 14:17:00,14,30,7,2,68,26,p2,28,80,997,6.11,237,4,71.82,0.0,0.11,47.98,0.69,40.18,163.23,0
2025-07-30 15:17:00,15,30,7,2,108,54,p2,28,80,997,6.48,236,4,72.83,0.0,0.11,48.27,0.69,42.78,168.55,0
2025-07-30 16:17:00,16,30,7,2,103,52,p2,28,81,998,6.7,237,4,73.32,0.0,0.11,48.81,0.69,43.54,176.58,0
2025-07-30 17:17:00,17,30,7,2,84,39,p2,28,81,998,5.93,230,4,73.59,0.0,0.12,48.46,0.69,44.29,178.42,0
2025-07-30 18:17:00,18,30,7,2,92,44,p2,28,78,999,5.77,237,4,73.32,0.0,0.12,47.6,0.7,44.1,177.49,0
2025-07-30 19:17:00,19,30,7,2,81,36,p2,28,79,998,5.71,240,4,72.76,0.0,0.12,46.37,0.7,42.87,173.4,0
2025-07-30 20:17:00,20,30,7,2,82,36,p2,28,77,997,6.86,252,4,72.46,0.0,0.12,45.41,0.7,40.82,167.39,0
2025-07-30 21:17:00,21,30,7,2,72,29,p2,28,80,997,6.81,255,4,72.44,0.0,0.12,44.94,0.69,38.58,161.85,0
2025-07-30 22:17:00,22,30,7,2,69,27,p2,27,79,997,6.57,265,4,72.61,0.0,0.11,45.1,0.67,36.59,157.76,0
2025-07-30 23:17:00,23,30,7,2,79,34,p2,27,79,997,5.67,264,4,72.67,0.0,0.11,45.46,0.66,34.77,153.19,0
2025-07-31 00:17:00,0,31,7,3,60,20,p2,27,80,997,4.97,253,4,72.26,0.0,0.11,45.83,0.65,33.13,146.23,0
2025-07-31 01:17:00,1,31,7,3,57,18,p2,27,80,998,4.56,232,4,71.87,0.0,0.11,46.25,0.65,32.12,146.89,0
2025-07-31 02:17:00,2,31,7,3,88,41,p2,27,80,998,4.58,225,4,71.02,0.0,0.11,46.41,0.67,31.62,146.78,0
2025-07-31 03:17:00,3,31,7,3,88,41,p2,27,80,999,4.89,225,4,70.03,0.0,0.11,46.42,0.68,30.76,142.75,0
2025-07-31 04:17:00,4,31,7,3,87,41,p2,28,79,999,5.4,226,4,69.8,0.01,0.1,46.72,0.66,30.01,140.76,0
2025-07-31 05:17:00,5,31,7,3,76,33,p2,28,78,999,5.65,221,4,69.97,0.01,0.09,46.92,0.65,29.71,138.55,0
2025-07-31 06:17:00,6,31,7,3,69,27,p2,29,77,1000,6.57,221,4,70.66,0.01,0.08,47.15,0.63,29.83,138.61,0
2025-07-31 07:17:00,7,31,7,3,73,30,p2,29,77,999,6.72,227,4,71.45,0.01,0.07,47.29,0.61,30.23,140.3,0
2025-07-31 08:17:00,8,31,7,3,76,32,p2,29,76,999,6.53,229,4,72.14,0.01,0.07,47.02,0.6,30.57,141.63,0
2025-07-31 10:17:00,10,31,7,3,69,27,p2,29,76,998,6.56,236,4,72.29,0.01,0.06,46.05,0.58,30.65,139.9,0
2025-07-31 11:17:00,11,31,7,3,66,24,p2,29,76,998,6.52,235,4,72.47,0.01,0.07,45.84,0.57,30.61,138.76,0
2025-07-31 12:17:00,12,31,7,3,67,25,p2,29,76,998,5.92,239,4,72.78,0.0,0.08,45.9,0.57,30.54,138.07,0
2025-07-31 13:17:00,13,31,7,3,67,26,p2,29,76,998,5.39,236,4,73.11,0.0,0.1,45.9,0.57,30.84,137.36,0
2025-07-31 14:17:00,14,31,7,3,65,24,p2,29,77,999,5.12,227,4,73.4,0.0,0.11,46.04,0.55,30.73,138.37,0
2025-07-31 15:17:00,15,31,7,3,69,27,p2,29,77,999,4.92,226,4,73.66,0.0,0.11,45.93,0.55,30.98,139.21,0
2025-07-31 16:17:00,16,31,7,3,72,29,p2,29,77,999,5.09,227,4,73.43,0.0,0.11,45.51,0.53,30.66,140.34,0
2025-07-31 17:17:00,17,31,7,3,79,35,p2,29,78,1000,5.22,232,4,73.65,0.0,0.11,45.33,0.52,30.98,141.05,0
2025-07-31 18:17:00,18,31,7,3,69,27,p2,28,79,1000,5.35,237,4,74.6,0.0,0.11,45.46,0.53,32.27,144.97,0
2025-07-31 19:17:00,19,31,7,3,81,36,p2,28,80,1000,5.88,236,4,75.02,0.0,0.1,45.26,0.51,31.96,145.27,0
2025-07-31 20:17:00,20,31,7,3,82,37,p2,28,80,1000,5.59,236,4,76.05,0.0,0.1,45.28,0.5,32.31,147.71,0
2025-07-31 23:17:00,23,31,7,3,65,24,p2,27,80,999,5.74,255,4,76.8,0.0,0.1,45.07,0.51,30.45,141.39,0
2025-08-01 00:17:00,0,1,8,4,59,19,p2,27,79,1000,4.48,251,4,76.35,0.0,0.1,45.1,0.52,29.13,134.92,0
2025-08-01 01:17:00,1,1,8,4,60,20,p2,27,79,1000,4.18,244,4,75.91,0.0,0.1,45.32,0.52,27.55,125.54,0
2025-08-01 02:17:00,2,1,8,4,53,15,p2,28,79,1001,3.87,241,4,75.97,0.0,0.1,46.0,0.5,25.33,112.57,0
2025-08-01 03:17:00,3,1,8,4,70,28,p2,28,78,1001,5.15,238,3,76.18,0.0,0.1,46.76,0.47,22.97,97.93,0
2025-08-01 04:17:00,4,1,8,4,63,22,p2,28,76,1002,5.81,237,3,76.26,0.01,0.09,47.37,0.45,20.95,86.99,0
2025-08-01 05:17:00,5,1,8,4,61,21,p2,29,74,1002,5.96,232,3,76.32,0.01,0.08,47.84,0.44,19.62,79.62,0
2025-08-01 06:17:00,6,1,8,4,64,23,p2,29,72,1002,6.28,234,3,76.2,0.01,0.07,47.69,0.44,18.94,74.92,0
2025-08-01 07:17:00,7,1,8,4,71,28,p2,29,70,1002,7.06,236,3,75.69,0.01,0.06,46.85,0.44,18.91,76.2,0
2025-08-01 08:17:00,8,1,8,4,63,22,p2,30,69,1001,7.21,239,3,74.89,0.01,0.06,45.42,0.47,19.61,81.42,0
2025-08-01 09:17:00,9,1,8,4,63,23,p2,30,69,1001,7.38,240,3,74.29,0.01,0.06,43.92,0.5,21.4,90.75,0
2025-08-01 10:17:00,10,1,8,4,61,21,p2,30,70,1000,7.23,239,3,74.9,0.01,0.06,43.15,0.49,21.59,92.47,0
2025-08-01 11:17:00,11,1,8,4,61,21,p2,29,70,1000,7.05,240,3,75.54,0.01,0.06,42.77,0.49,22.07,95.75,0
2025-08-01 12:17:00,12,1,8,4,61,20,p2,29,71,1000,7.41,239,3,76.01,0.01,0.06,42.66,0.49,22.57,99.07,0
2025-08-01 13:17:00,13,1,8,4,62,22,p2,29,74,1000,7.31,241,4,75.94,0.01,0.07,42.89,0.51,24.27,107.63,0
2025-08-01 14:17:00,14,1,8,4,62,21,p2,29,76,1000,7.2,239,4,75.88,0.0,0.09,43.01,0.51,25.11,113.13,0
2025-08-01 15:17:00,15,1,8,4,64,23,p2,28,79,1001,6.68,237,3,81.21,0.0,0.09,44.89,0.41,22.71,93.13,0
2025-08-01 16:17:00,16,1,8,4,61,21,p2,28,80,1001,6.89,237,4,79.83,0.0,0.09,44.45,0.43,23.78,100.2,0
2025-08-01 17:17:00,17,1,8,4,66,25,p2,28,81,1002,6.62,242,4,78.02,0.0,0.09,43.95,0.44,24.91,107.23,0
2025-08-01 18:17:00,18,1,8,4,64,23,p2,28,80,1002,5.81,242,4,75.88,0.0,0.09,43.28,0.45,25.94,114.88,0
2025-08-01 19:17:00,19,1,8,4,67,25,p2,28,78,1002,6.26,252,4,73.78,0.0,0.09,42.67,0.46,26.18,118.47,0
2025-08-01 20:17:00,20,1,8,4,61,21,p2,28,78,1002,7.2,260,4,72.38,0.0,0.09,42.68,0.45,25.45,114.6,0
2025-08-01 21:17:00,21,1,8,4,63,22,p2,27,77,1001,7.48,260,4,71.83,0.0,0.09,43.18,0.43,23.97,105.1,0
2025-08-01 22:17:00,22,1,8,4,60,20,p2,27,77,1001,7.29,259,3,72.14,0.0,0.09,44.26,0.4,22.41,96.09,0
2025-08-01 23:17:00,23,1,8,4,58,19,p2,27,77,1001,6.95,256,3,72.95,0.0,0.08,45.66,0.38,20.9,85.73,0
2025-08-02 00:17:00,0,2,8,5,52,14,p2,27,78,1001,6.71,255,3,73.7,0.0,0.08,47.05,0.36,19.69,76.59,0
2025-08-02 01:17:00,1,2,8,5,56,17,p2,27,80,1001,6.73,253,3,74.53,0.0,0.08,48.41,0.35,18.9,71.78,0
2025-08-02 02:17:00,2,2,8,5,60,20,p2,28,79,1002,6.95,257,3,74.93,0.0,0.08,49.47,0.34,18.47,69.11,0
2025-08-02 03:17:00,3,2,8,5,64,23,p2,28,76,1002,7.73,258,3,75.01,0.0,0.08,50.09,0.34,18.18,67.12,0
2025-08-02 04:17:00,4,2,8,5,66,24,p2,29,73,1003,8.33,260,3,74.44,0.01,0.06,50.21,0.33,17.84,64.88,0
2025-08-02 05:17:00,5,2,8,5,70,28,p2,29,72,1003,8.08,258,3,73.77,0.01,0.05,49.75,0.33,17.44,62.66,0
2025-08-02 06:17:00,6,2,8,5,69,26,p2,29,71,1002,7.76,259,3,73.16,0.01,0.05,48.92,0.32,16.96,60.82,0
2025-08-02 07:17:00,7,2,8,5,70,27,p2,29,71,1002,7.58,251,3,72.7,0.01,0.04,47.9,0.32,16.31,59.92,0
2025-08-02 08:17:00,8,2,8,5,73,30,p2,30,71,1002,7.59,246,3,72.24,0.01,0.04,46.82,0.32,15.84,60.5,0
2025-08-02 09:17:00,9,2,8,5,76,32,p2,29,71,1001,8.21,247,3,70.77,0.01,0.04,45.33,0.34,16.3,67.26,0
2025-08-02 10:17:00,10,2,8,5,70,28,p2,29,72,1001,8.61,249,3,70.89,0.01,0.04,44.59,0.34,16.29,67.16,0
2025-08-02 11:17:00,11,2,8,5,70,27,p2,29,73,1001,8.84,249,3,70.18,0.01,0.04,43.89,0.35,16.74,70.93,0
2025-08-02 12:17:00,12,2,8,5,66,24,p2,29,74,1001,8.23,250,3,70.08,0.01,0.05,43.68,0.36,17.03,73.83,0
2025-08-02 13:17:00,13,2,8,5,63,23,p2,29,73,1001,7.81,245,3,70.56,0.01,0.06,44.01,0.36,17.19,75.34,0
2025-08-02 14:17:00,14,2,8,5,66,24,p2,28,75,1001,7.59,244,3,71.26,0.0,0.07,44.35,0.37,17.58,77.99,0
2025-08-02 15:17:00,15,2,8,5,64,23,p2,28,78,1002,7.41,248,3,75.45,0.0,0.07,45.12,0.31,16.39,60.68,0
2025-08-02 16:17:00,16,2,8,5,64,23,p2,28,78,1002,7.24,254,3,76.62,0.0,0.07,45.3,0.31,16.61,62.33,0
2025-08-02 17:17:00,17,2,8,5,62,21,p2,28,78,1003,6.79,253,3,77.36,0.0,0.07,45.22,0.32,17.46,67.3,0
2025-08-02 18:17:00,18,2,8,5,61,21,p2,28,78,1003,6.38,251,3,77.29,0.0,0.08,45.02,0.34,18.75,73.6,0
2025-08-02 19:17:00,19,2,8,5,67,25,p2,27,79,1003,6.94,256,3,76.56,0.0,0.08,44.69,0.34,19.81,76.81,0
2025-08-02 20:17:00,20,2,8,5,58,19,p2,27,79,1002,7.1,259,3,75.58,0.0,0.08,44.62,0.34,20.42,77.1,0
2025-08-02 23:17:00,23,2,8,5,55,16,p2,27,77,1001,7.74,264,3,73.81,0.0,0.08,45.31,0.3,19.28,67.76,0
2025-08-03 00:17:00,0,3,8,6,55,16,p2,27,78,1001,7.33,264,3,74.19,0.0,0.08,45.95,0.29,18.65,63.73,0
2025-08-03 01:17:00,1,3,8,6,56,17,p2,27,78,1002,7.07,260,2,74.72,0.0,0.0,46.52,0.28,18.39,2.31,0
2025-08-03 02:17:00,2,3,8,6,51,13,p2,27,78,1003,7.15,261,3,74.79,0.0,0.08,47.0,0.28,18.5,63.77,0
2025-08-03 03:17:00,3,3,8,6,57,18,p2,27,77,1003,6.77,257,3,74.6,0.0,0.08,47.36,0.29,18.92,66.16,0
2025-08-03 04:17:00,4,3,8,6,59,19,p2,28,76,1003,7.05,255,3,73.85,0.0,0.08,47.53,0.29,19.45,70.52,0
2025-08-03 05:17:00,5,3,8,6,58,18,p2,28,74,1004,6.96,250,3,73.34,0.01,0.07,47.64,0.31,19.86,76.58,0
2025-08-03 06:17:00,6,3,8,6,58,18,p2,29,73,1003,7.69,255,3,73.08,0.01,0.05,47.72,0.32,19.87,81.87,0
2025-08-03 07:17:00,7,3,8,6,55,16,p2,29,71,1003,7.68,257,3,73.51,0.01,0.05,47.81,0.32,19.19,83.37,0
2025-08-03 08:17:00,8,3,8,6,53,14,p2,29,70,1002,7.31,256,3,73.59,0.01,0.04,47.58,0.31,18.21,82.36,0
2025-08-03 09:17:00,9,3,8,6,61,21,p2,29,69,1002,7.42,255,3,74.38,0.01,0.04,47.29,0.3,17.02,77.29,0
2025-08-03 10:17:00,10,3,8,6,58,18,p2,29,69,1002,7.45,253,3,73.03,0.01,0.05,46.01,0.32,17.1,78.63,0
2025-08-03 11:17:00,11,3,8,6,60,20,p2,29,69,1002,7.46,247,3,72.61,0.01,0.05,45.35,0.32,16.31,75.33,0
2025-08-03 12:17:00,12,3,8,6,56,17,p2,29,71,1002,7.31,244,3,71.14,0.01,0.05,44.33,0.33,16.42,76.47,0
2025-08-03 13:17:00,13,3,8,6,53,14,p2,29,73,1002,6.66,242,3,70.31,0.01,0.06,43.86,0.34,16.47,76.38,0
2025-08-03 14:17:00,14,3,8,6,55,16,p2,28,75,1003,6.2,245,3,70.68,0.0,0.08,43.84,0.34,16.36,75.19,0
2025-08-03 15:17:00,15,3,8,6,55,16,p2,28,77,1003,6.4,251,3,72.15,0.0,0.08,43.79,0.29,15.05,61.17,0
2025-08-03 16:17:00,16,3,8,6,60,20,p2,28,78,1004,6.38,250,3,73.86,0.0,0.08,44.06,0.29,14.58,57.32,0
2025-08-03 17:17:00,17,3,8,6,58,18,p2,28,79,1004,6.45,255,3,76.68,0.0,0.08,44.78,0.28,14.04,53.3,0
2025-08-03 18:17:00,18,3,8,6,61,21,p2,27,79,1004,6.36,252,2,79.62,0.0,0.08,45.63,0.28,13.66,49.72,0
2025-08-03 19:17:00,19,3,8,6,60,20,p2,27,79,1004,6.68,249,2,81.5,0.0,0.08,46.21,0.27,13.42,46.43,0
2025-08-03 20:17:00,20,3,8,6,58,19,p2,27,79,1004,7.21,258,2,82.33,0.0,0.07,46.61,0.27,13.47,45.09,0
2025-08-03 21:17:00,21,3,8,6,55,16,p2,27,79,1004,7.13,258,2,82.14,0.0,0.07,46.81,0.26,13.62,45.06,0
2025-08-03 22:17:00,22,3,8,6,53,14,p2,27,80,1003,7.28,261,2,81.19,0.0,0.07,46.89,0.26,13.63,45.37,0
2025-08-03 23:17:00,23,3,8,6,46,12,p2,27,79,1003,7.39,262,2,79.91,0.0,0.07,47.04,0.26,13.41,45.79,0
2025-08-04 00:17:00,0,4,8,0,43,11,p2,27,79,1004,6.69,262,2,78.63,0.0,0.07,47.3,0.26,13.29,47.12,0
2025-08-04 01:17:00,1,4,8,0,44,12,p2,27,80,1004,6.39,262,2,77.56,0.0,0.07,47.74,0.27,13.16,48.07,0
2025-08-04 02:17:00,2,4,8,0,50,13,p2,27,80,1004,6.81,265,2,76.98,0.0,0.08,48.31,0.26,12.85,47.71,0
2025-08-04 03:17:00,3,4,8,0,59,19,p2,27,78,1004,7.46,270,2,76.65,0.0,0.07,49.01,0.26,12.34,46.25,0
2025-08-04 04:17:00,4,4,8,0,61,20,p2,28,75,1005,7.59,263,2,76.49,0.01,0.06,49.68,0.25,11.69,43.58,0
2025-08-04 05:17:00,5,4,8,0,58,19,p2,28,73,1005,7.95,259,2,76.52,0.01,0.05,50.13,0.25,11.23,42.38,0
2025-08-04 06:17:00,6,4,8,0,58,19,p2,29,72,1005,8.07,252,2,76.51,0.01,0.04,50.07,0.25,11.06,43.53,0
2025-08-04 07:17:00,7,4,8,0,58,19,p2,29,71,1004,8.8,253,2,76.43,0.01,0.04,49.52,0.25,11.15,46.83,0
2025-08-04 08:17:00,8,4,8,0,60,20,p2,29,71,1004,8.49,251,3,76.08,0.01,0.03,48.76,0.26,11.33,50.02,0
2025-08-04 09:17:00,9,4,8,0,61,21,p2,29,71,1003,8.7,255,3,75.79,0.01,0.04,47.91,0.27,11.35,51.01,0
2025-08-04 10:17:00,10,4,8,0,60,20,p2,29,71,1003,8.84,252,2,75.97,0.0,0.04,47.17,0.27,11.14,49.99,0
2025-08-04 11:17:00,11,4,8,0,61,21,p2,29,72,1003,8.79,248,2,75.53,0.01,0.04,46.49,0.27,10.95,49.27,0
2025-08-04 12:17:00,12,4,8,0,56,17,p2,28,74,1002,8.39,242,2,75.63,0.0,0.04,46.05,0.27,10.33,45.6,0
2025-08-04 13:17:00,13,4,8,0,61,21,p2,28,74,1003,8.54,238,2,75.13,0.0,0.05,45.95,0.28,10.19,44.66,0
2025-08-04 14:17:00,14,4,8,0,62,22,p2,27,76,1003,8.06,239,2,74.04,0.0,0.06,45.85,0.29,10.37,45.24,0
2025-08-04 15:17:00,15,4,8,0,60,20,p2,27,78,1004,7.78,244,2,73.34,0.0,0.07,44.96,0.28,10.28,39.73,0
2025-08-04 16:17:00,16,4,8,0,66,24,p2,27,79,1005,7.67,244,2,73.79,0.0,0.07,44.81,0.28,10.47,38.18,0
2025-08-04 17:17:00,17,4,8,0,74,31,p2,27,78,1005,7.84,251,2,74.99,0.0,0.07,44.77,0.29,10.83,37.38,0
2025-08-04 18:17:00,18,4,8,0,67,26,p2,27,79,1005,7.94,260,2,76.11,0.0,0.07,44.8,0.3,11.4,38.6,0
2025-08-04 19:17:00,19,4,8,0,69,27,p2,27,78,1004,8.26,262,2,77.06,0.0,0.07,44.66,0.31,12.06,40.89,0
2025-08-04 20:17:00,20,4,8,0,61,21,p2,27,78,1004,8.16,260,2,77.52,0.0,0.07,44.45,0.31,12.73,44.02,0
2025-08-04 21:17:00,21,4,8,0,58,18,p2,27,78,1003,8.58,259,2,77.43,0.0,0.07,44.14,0.32,13.36,48.03,0
2025-08-04 22:17:00,22,4,8,0,55,16,p2,27,79,1003,8.78,261,3,77.16,0.0,0.07,43.86,0.32,13.78,51.77,0
2025-08-04 23:17:00,23,4,8,0,52,14,p2,27,80,1002,9.2,260,3,77.13,0.0,0.08,43.54,0.31,13.66,52.21,0
2025-08-05 00:17:00,0,5,8,1,52,14,p2,27,82,1003,9.02,260,3,77.24,0.0,0.08,43.38,0.31,13.13,50.68,0
2025-08-05 01:17:00,1,5,8,1,56,17,p2,27,82,1003,8.67,261,2,77.19,0.0,0.07,43.26,0.3,12.61,49.3,0
2025-08-05 02:17:00,2,5,8,1,61,20,p2,27,81,1003,9.14,259,3,76.74,0.0,0.08,43.28,0.31,12.9,52.54,0
2025-08-05 03:17:00,3,5,8,1,64,23,p2,27,79,1004,8.99,258,2,77.21,0.0,0.08,43.54,0.3,12.19,48.99,0
2025-08-05 04:17:00,4,5,8,1,63,23,p2,28,77,1004,9.14,258,2,77.47,0.0,0.08,43.98,0.29,11.87,48.77,0
2025-08-05 05:17:00,5,5,8,1,62,21,p2,28,75,1004,9.4,258,2,77.96,0.0,0.07,44.53,0.29,11.52,49.0,0
2025-08-05 06:17:00,6,5,8,1,59,19,p2,28,73,1004,9.08,256,2,78.09,0.01,0.06,44.94,0.3,11.3,49.86,0
2025-08-05 07:17:00,7,5,8,1,63,22,p2,28,72,1004,8.97,254,3,77.5,0.01,0.05,45.31,0.31,11.57,53.83,0
2025-08-05 08:17:00,8,5,8,1,66,24,p2,29,71,1003,8.83,253,3,77.37,0.01,0.05,45.32,0.32,11.52,54.34,0
2025-08-05 09:17:00,9,5,8,1,65,24,p2,29,71,1003,8.99,253,3,77.72,0.0,0.05,45.12,0.31,10.86,50.58,0
2025-08-05 10:17:00,10,5,8,1,65,24,p2,28,72,1003,8.76,252,3,76.71,0.0,0.05,44.82,0.33,11.95,56.5,0
2025-08-05 11:17:00,11,5,8,1,62,21,p2,28,74,1002,8.49,250,3,76.43,0.0,0.06,44.45,0.32,11.65,53.41,0
2025-08-05 12:17:00,12,5,8,1,61,21,p2,28,76,1002,8.9,249,3,75.69,0.0,0.06,43.86,0.34,12.34,56.11,0
2025-08-05 13:17:00,13,5,8,1,58,19,p2,28,77,1002,8.75,247,3,75.66,0.0,0.07,43.57,0.35,12.95,59.26,0
2025-08-05 14:17:00,14,5,8,1,56,17,p2,27,78,1003,8.73,247,3,76.06,0.0,0.08,43.49,0.36,13.52,62.39,0
2025-08-05 15:17:00,15,5,8,1,86,40,p2,27,79,1003,8.12,247,2,79.56,0.0,0.08,43.07,0.31,11.17,44.66,0
2025-08-05 16:17:00,16,5,8,1,67,26,p2,27,79,1004,7.74,247,2,79.98,0.0,0.08,42.96,0.31,11.53,46.44,0
2025-08-05 17:17:00,17,5,8,1,66,25,p2,27,78,1004,7.89,249,2,80.76,0.0,0.08,42.95,0.33,11.82,49.32,0
2025-08-05 18:17:00,18,5,8,1,64,23,p2,27,78,1004,7.51,250,3,81.74,0.0,0.08,42.99,0.33,12.01,51.58,0
2025-08-05 19:17:00,19,5,8,1,76,33,p2,27,78,1004,7.6,251,3,82.81,0.0,0.08,42.86,0.33,12.12,52.21,0
2025-08-05 21:17:00,21,5,8,1,81,36,p2,27,78,1003,7.67,255,3,83.58,0.0,0.08,42.52,0.33,12.8,53.57,0
2025-08-05 22:17:00,22,5,8,1,70,28,p2,27,78,1003,8.01,259,3,82.97,0.0,0.08,42.38,0.32,13.23,53.41,0
2025-08-05 23:17:00,23,5,8,1,76,32,p2,27,79,1003,7.82,261,3,82.01,0.0,0.08,42.24,0.32,13.69,55.47,0
2025-08-06 00:17:00,0,6,8,2,70,27,p2,27,79,1003,6.99,258,3,81.38,0.0,0.08,42.21,0.32,14.06,58.77,0
2025-08-06 01:17:00,1,6,8,2,69,27,p2,27,80,1003,6.95,258,3,81.37,0.0,0.08,42.39,0.31,14.21,60.89,0
2025-08-06 02:17:00,2,6,8,2,77,33,p2,27,79,1004,7.43,257,3,81.86,0.0,0.08,42.72,0.3,14.1,60.55,0
2025-08-06 03:17:00,3,6,8,2,82,37,p2,27,76,1004,7.69,255,3,82.54,0.0,0.08,43.14,0.29,13.8,58.41,0
2025-08-06 04:17:00,4,6,8,2,73,30,p2,28,74,1004,7.9,260,3,82.78,0.01,0.07,43.35,0.28,13.42,55.45,0
2025-08-06 05:17:00,5,6,8,2,76,32,p2,28,73,1004,8.07,262,3,82.72,0.01,0.05,43.39,0.27,13.04,52.59,0
2025-08-06 06:17:00,6,6,8,2,69,27,p2,28,73,1004,8.22,256,3,82.41,0.01,0.05,43.2,0.28,12.95,54.38,0
2025-08-06 07:17:00,7,6,8,2,86,40,p2,29,72,1004,8.05,248,2,82.77,0.01,0.04,42.58,0.27,11.98,49.35,0
2025-08-06 08:17:00,8,6,8,2,92,44,p2,29,71,1004,7.86,242,2,82.77,0.01,0.04,41.89,0.28,11.58,49.57,0
2025-08-06 09:17:00,9,6,8,2,70,28,p2,29,71,1003,7.91,241,2,82.95,0.01,0.04,41.19,0.28,11.29,49.39,0
2025-08-06 10:17:00,10,6,8,2,74,30,p2,29,71,1003,7.98,241,2,83.49,0.01,0.04,40.87,0.29,11.15,48.79,0
2025-08-06 11:17:00,11,6,8,2,96,47,p2,29,71,1003,8.21,242,2,84.01,0.01,0.04,40.78,0.29,11.19,48.89,0
2025-08-06 12:17:00,12,6,8,2,69,27,p2,28,71,1002,8.29,240,3,84.3,0.01,0.04,40.91,0.29,11.47,50.51,0
2025-08-06 13:17:00,13,6,8,2,69,27,p2,28,72,1003,8.48,241,3,84.69,0.01,0.05,41.2,0.3,11.83,52.69,0
2025-08-06 14:17:00,14,6,8,2,79,34,p2,28,74,1003,8.1,239,2,86.15,0.0,0.06,41.51,0.25,10.3,35.2,0
2025-08-06 15:17:00,15,6,8,2,79,34,p2,27,76,1004,7.59,237,2,86.74,0.0,0.07,41.53,0.26,10.46,35.73,0
2025-08-06 16:17:00,16,6,8,2,87,41,p2,27,77,1004,6.92,236,2,87.5,0.0,0.07,41.55,0.26,10.53,36.98,0
2025-08-06 17:17:00,17,6,8,2,84,39,p2,27,76,1005,6.76,247,2,88.88,0.0,0.07,41.62,0.27,10.59,38.14,0
2025-08-06 18:17:00,18,6,8,2,80,36,p2,27,75,1005,7.16,250,2,90.15,0.0,0.07,41.82,0.27,10.69,38.57,0
2025-08-06 19:17:00,19,6,8,2,84,39,p2,27,75,1005,7.51,254,2,91.31,0.0,0.07,42.04,0.27,10.73,37.72,0
2025-08-06 21:17:00,21,6,8,2,74,31,p2,27,75,1004,7.25,261,2,93.34,0.0,0.07,42.66,0.26,10.79,36.42,0
2025-08-06 22:17:00,22,6,8,2,74,31,p2,27,76,1003,7.25,259,2,93.87,0.0,0.07,42.92,0.25,10.99,36.75,0
2025-08-06 23:17:00,23,6,8,2,82,36,p2,27,76,1003,6.95,255,2,94.04,0.0,0.07,43.15,0.25,11.38,37.44,0
2025-08-07 00:17:00,0,7,8,3,78,34,p2,27,78,1004,7.33,253,2,93.93,0.0,0.07,43.26,0.25,11.9,39.57,0
2025-08-07 01:17:00,1,7,8,3,73,30,p2,27,80,1004,7.59,251,2,93.89,0.0,0.07,43.46,0.25,12.43,42.28,0
2025-08-07 02:17:00,2,7,8,3,76,32,p2,27,79,1004,7.42,252,2,93.78,0.0,0.08,43.76,0.25,12.98,45.13,0
2025-08-07 03:17:00,3,7,8,3,75,32,p2,27,78,1005,7.25,251,2,93.82,0.0,0.07,44.17,0.25,13.48,47.74,0
2025-08-07 04:17:00,4,7,8,3,81,36,p2,27,76,1005,7.16,251,3,93.8,0.01,0.06,44.55,0.25,13.88,50.18,0
2025-08-07 05:17:00,5,7,8,3,68,26,p2,28,74,1005,7.36,249,3,93.66,0.01,0.05,44.79,0.25,14.32,52.7,0
2025-08-07 06:17:00,6,7,8,3,62,22,p2,28,73,1005,7.25,248,3,93.47,0.01,0.04,44.8,0.25,14.53,54.55,0
2025-08-07 07:17:00,7,7,8,3,63,22,p2,28,73,1005,7.57,248,3,93.32,0.01,0.04,44.46,0.25,14.45,56.42,0
2025-08-07 10:17:00,10,7,8,3,66,25,p2,29,71,1003,7.78,245,3,91.23,0.01,0.03,42.15,0.25,13.36,57.82,0
2025-08-07 11:17:00,11,7,8,3,69,27,p2,29,71,1003,8.01,244,3,90.13,0.01,0.04,41.6,0.26,13.07,57.98,0
2025-08-07 12:17:00,12,7,8,3,63,22,p2,28,72,1003,8.05,249,3,89.15,0.01,0.04,41.39,0.27,13.01,59.37,0
2025-08-07 13:17:00,13,7,8,3,62,22,p2,28,73,1003,7.88,246,3,90.79,0.01,0.05,41.58,0.24,11.71,51.18,0
2025-08-07 14:17:00,14,7,8,3,69,27,p2,28,74,1003,7.93,240,2,92.03,0.0,0.06,42.16,0.23,10.85,46.14,0
2025-08-07 15:17:00,15,7,8,3,73,30,p2,28,76,1004,7.72,236,2,92.44,0.0,0.07,42.57,0.23,10.45,43.41,0
2025-08-07 16:17:00,16,7,8,3,68,26,p2,27,76,1005,7.46,237,2,92.06,0.0,0.07,42.73,0.23,10.23,41.5,0
2025-08-07 17:17:00,17,7,8,3,66,24,p2,27,75,1005,7.31,244,2,91.59,0.0,0.07,42.9,0.23,10.07,40.01,0
2025-08-07 18:17:00,18,7,8,3,76,32,p2,28,74,1005,7.25,250,2,91.05,0.0,0.07,42.96,0.23,9.91,38.48,0
2025-08-07 19:17:00,19,7,8,3,79,34,p2,27,75,1005,7.6,256,2,90.34,0.0,0.06,42.85,0.23,9.66,36.79,0
2025-08-07 20:17:00,20,7,8,3,75,32,p2,27,76,1005,7.84,261,2,89.72,0.0,0.06,42.73,0.23,9.49,35.46,0
2025-08-07 21:17:00,21,7,8,3,81,36,p2,27,76,1004,8.06,255,2,89.1,0.0,0.06,42.58,0.23,9.49,34.99,0
2025-08-07 22:17:00,22,7,8,3,81,36,p2,27,77,1003,8.36,254,2,88.42,0.0,0.06,42.49,0.24,9.57,34.36,0
2025-08-07 23:17:00,23,7,8,3,69,27,p2,27,78,1003,8.05,257,2,88.08,0.0,0.06,42.44,0.23,9.64,33.51,0
2025-08-08 00:17:00,0,8,8,4,62,21,p2,26,79,1003,8.13,258,2,88.23,0.0,0.06,42.49,0.23,9.72,33.07,0
2025-08-08 01:17:00,1,8,8,4,69,27,p2,26,79,1004,8.4,259,2,89.03,0.0,0.06,42.67,0.22,9.82,32.88,0
2025-08-08 02:17:00,2,8,8,4,68,26,p2,27,79,1004,8.1,256,2,90.02,0.0,0.06,42.89,0.22,9.97,33.02,0
2025-08-08 04:17:00,4,8,8,4,74,31,p2,28,73,1005,8.02,254,2,91.76,0.01,0.05,43.16,0.22,10.7,35.98,0
2025-08-08 05:17:00,5,8,8,4,65,24,p2,28,72,1005,8.21,247,2,91.62,0.01,0.05,42.96,0.22,11.4,39.55,0
2025-08-08 06:17:00,6,8,8,4,64,23,p2,28,71,1005,8.41,250,2,90.72,0.01,0.04,42.57,0.23,12.13,43.71,0
2025-08-08 07:17:00,7,8,8,4,63,22,p2,28,70,1005,8.41,248,3,89.12,0.01,0.04,41.84,0.24,12.85,50.08,0
2025-08-08 08:17:00,8,8,8,4,63,23,p2,29,70,1005,8.35,250,3,86.9,0.01,0.04,40.92,0.25,13.51,56.84,0
2025-08-08 09:17:00,9,8,8,4,63,22,p2,29,70,1004,8.7,255,3,83.34,0.01,0.03,39.87,0.26,14.02,61.18,0
2025-08-08 10:17:00,10,8,8,4,61,20,p2,29,71,1004,8.71,253,3,82.51,0.01,0.03,39.05,0.26,13.58,60.24,0
2025-08-08 11:17:00,11,8,8,4,60,20,p2,28,72,1004,8.37,249,3,80.32,0.01,0.04,38.32,0.27,13.26,59.39,0
2025-08-08 12:17:00,12,8,8,4,63,22,p2,28,74,1004,7.89,246,3,78.07,0.01,0.04,37.93,0.27,12.97,59.33,0
2025-08-08 13:17:00,13,8,8,4,86,40,p2,28,76,1004,8.22,247,3,76.36,0.01,0.05,37.79,0.28,12.74,59.94,0
2025-08-08 14:17:00,14,8,8,4,88,41,p2,27,78,1005,8.43,248,3,77.14,0.0,0.06,37.79,0.28,11.9,56.97,0
2025-08-08 15:17:00,15,8,8,4,65,24,p2,27,79,1006,8.18,246,3,76.11,0.0,0.07,37.99,0.29,11.53,55.72,0
2025-08-08 16:17:00,16,8,8,4,66,25,p2,27,78,1007,8.04,248,3,75.38,0.0,0.07,38.27,0.3,11.08,52.19,0
2025-08-08 17:17:00,17,8,8,4,69,27,p2,27,78,1007,7.78,246,2,75.82,0.0,0.07,38.75,0.29,10.34,45.83,0
2025-08-08 18:17:00,18,8,8,4,66,25,p2,27,78,1007,8.02,251,2,76.65,0.0,0.07,39.17,0.28,9.55,39.85,0
2025-08-08 19:17:00,19,8,8,4,77,33,p2,27,78,1007,7.77,249,2,77.38,0.0,0.07,39.42,0.27,8.96,34.75,0
2025-08-08 20:17:00,20,8,8,4,66,25,p2,27,77,1006,8.58,256,2,77.81,0.0,0.06,39.6,0.26,8.79,32.89,0
2025-08-08 21:17:00,21,8,8,4,63,22,p2,26,78,1006,8.97,264,2,78.21,0.0,0.06,39.75,0.27,8.93,33.7,0
2025-08-08 22:17:00,22,8,8,4,64,23,p2,26,79,1006,8.18,262,2,78.82,0.0,0.06,39.88,0.27,9.14,35.28,0
2025-08-08 23:17:00,23,8,8,4,62,21,p2,26,78,1005,8.32,263,2,79.84,0.0,0.06,40.08,0.27,9.18,35.65,0
2025-08-09 00:17:00,0,9,8,5,62,21,p2,26,79,1005,8.48,261,2,80.87,0.0,0.06,40.24,0.26,9.09,34.76,0
2025-08-09 01:17:00,1,9,8,5,55,16,p2,27,81,1006,8.04,257,2,81.73,0.0,0.06,40.4,0.25,9.01,34.41,0
2025-08-09 02:17:00,2,9,8,5,68,26,p2,27,78,1006,7.89,257,2,81.79,0.0,0.06,40.47,0.25,9.07,34.85,0
2025-08-09 03:17:00,3,9,8,5,73,30,p2,27,77,1007,7.72,256,2,81.11,0.0,0.06,40.39,0.25,9.38,36.72,0
2025-08-09 04:17:00,4,9,8,5,64,23,p2,27,75,1007,7.82,255,2,80.04,0.0,0.06,40.31,0.26,9.86,40.35,0
2025-08-09 05:17:00,5,9,8,5,77,33,p2,28,74,1007,8.04,252,2,79.1,0.01,0.05,40.19,0.27,10.52,44.83,0
2025-08-09 06:17:00,6,9,8,5,84,39,p2,28,72,1007,7.87,245,2,77.98,0.01,0.04,40.05,0.27,11.34,49.61,0
2025-08-09 07:17:00,7,9,8,5,66,24,p2,28,71,1007,7.86,241,3,77.22,0.01,0.04,39.89,0.27,12.28,54.55,0
2025-08-09 08:17:00,8,9,8,5,75,31,p2,29,71,1006,8.68,244,3,76.35,0.01,0.04,39.73,0.28,13.32,59.91,0
2025-08-09 09:17:00,9,9,8,5,69,27,p2,28,72,1006,8.61,241,3,75.6,0.01,0.04,39.63,0.29,14.29,65.14,0
2025-08-09 10:17:00,10,9,8,5,66,24,p2,28,73,1006,8.4,246,3,75.17,0.01,0.04,39.6,0.3,15.04,69.63,0
2025-08-09 11:17:00,11,9,8,5,66,24,p2,28,73,1005,8.01,244,3,74.65,0.01,0.05,39.4,0.31,15.34,72.29,0
2025-08-09 12:17:00,12,9,8,5,67,25,p2,28,74,1005,7.47,246,3,73.79,0.0,0.05,39.15,0.33,15.26,73.24,0
2025-08-09 13:17:00,13,9,8,5,64,23,p2,28,76,1005,7.27,238,3,71.75,0.0,0.07,38.77,0.36,14.98,74.06,0
2025-08-09 14:17:00,14,9,8,5,71,28,p2,27,78,1005,7.55,241,3,73.53,0.0,0.06,38.27,0.29,12.86,62.78,0
2025-08-09 15:17:00,15,9,8,5,74,31,p2,27,80,1006,7.74,249,3,71.91,0.0,0.07,37.73,0.3,12.83,63.4,0
2025-08-09 16:17:00,16,9,8,5,64,23,p2,27,80,1007,7.7,254,3,70.64,0.0,0.07,37.48,0.31,12.49,61.73,0
2025-08-09 17:17:00,17,9,8,5,63,22,p2,27,80,1007,8.06,255,3,70.01,0.0,0.07,37.51,0.31,11.78,57.74,0
2025-08-09 18:17:00,18,9,8,5,77,33,p2,27,80,1007,8.16,252,3,69.21,0.0,0.07,37.66,0.31,11.1,53.35,0
2025-08-09 19:17:00,19,9,8,5,78,34,p2,26,80,1006,8.05,254,2,68.38,0.0,0.07,37.73,0.32,10.55,47.73,0
2025-08-09 20:17:00,20,9,8,5,78,34,p2,26,80,1006,7.99,257,2,68.0,0.0,0.07,37.87,0.32,10.15,43.71,0
2025-08-09 21:17:00,21,9,8,5,77,33,p2,26,80,1005,7.55,261,2,68.27,0.0,0.07,38.03,0.32,9.76,41.05,0
2025-08-09 22:17:00,22,9,8,5,67,26,p2,26,80,1005,7.01,258,2,69.19,0.0,0.07,38.18,0.31,9.36,40.02,0
2025-08-10 00:17:00,0,10,8,6,64,23,p2,27,79,1005,7.07,257,2,71.72,0.0,0.06,38.39,0.29,8.69,37.04,0
2025-08-10 01:17:00,1,10,8,6,60,20,p2,27,79,1005,7.52,258,2,72.62,0.0,0.06,38.46,0.28,8.58,35.05,0
2025-08-10 02:17:00,2,10,8,6,58,19,p2,27,79,1006,7.57,259,2,73.02,0.0,0.07,38.47,0.27,8.67,33.27,0
2025-08-10 03:17:00,3,10,8,6,61,20,p2,27,77,1006,7.98,256,2,72.74,0.0,0.07,38.39,0.27,9.03,33.65,0
2025-08-10 04:17:00,4,10,8,6,67,25,p2,27,76,1006,7.82,253,2,72.27,0.01,0.06,38.26,0.27,9.58,36.25,0
2025-08-10 05:17:00,5,10,8,6,60,20,p2,27,76,1006,7.73,251,2,71.65,0.01,0.05,37.96,0.28,10.4,40.58,0
2025-08-10 06:17:00,6,10,8,6,61,21,p2,28,76,1006,7.51,247,2,71.05,0.01,0.04,37.5,0.28,11.34,44.98,0
2025-08-10 07:17:00,7,10,8,6,60,20,p2,28,75,1006,7.32,245,3,70.82,0.01,0.04,36.91,0.29,12.28,50.15,0
2025-08-10 08:17:00,8,10,8,6,59,20,p2,28,73,1005,7.37,243,3,71.06,0.01,0.04,36.35,0.3,13.04,55.24,0
2025-08-10 09:17:00,9,10,8,6,59,19,p2,28,73,1005,7.71,244,3,71.45,0.01,0.04,35.82,0.3,13.62,59.39,0
2025-08-10 10:17:00,10,10,8,6,62,22,p2,28,73,1004,7.71,243,3,71.87,0.01,0.04,35.7,0.3,14.06,62.37,0
2025-08-10 11:17:00,11,10,8,6,64,23,p2,28,74,1004,8.0,242,3,71.67,0.01,0.04,35.71,0.31,14.33,64.39,0
2025-08-10 12:17:00,12,10,8,6,55,16,p2,28,75,1004,8.32,242,3,71.07,0.01,0.05,35.94,0.32,14.45,65.64,0
2025-08-10 13:17:00,13,10,8,6,58,18,p2,28,77,1004,8.04,240,3,70.59,0.01,0.06,36.38,0.33,14.46,66.44,0
2025-08-10 14:17:00,14,10,8,6,56,17,p2,27,78,1004,7.6,241,3,70.17,0.0,0.07,36.76,0.34,14.27,66.35,0
2025-08-10 15:17:00,15,10,8,6,62,21,p2,27,79,1005,7.52,240,3,71.51,0.0,0.07,37.36,0.3,12.01,52.99,0
2025-08-10 16:17:00,16,10,8,6,63,23,p2,27,80,1005,7.7,248,2,71.84,0.0,0.07,37.65,0.29,11.21,47.8,0
2025-08-10 17:17:00,17,10,8,6,68,26,p2,27,79,1005,8.29,244,2,72.69,0.0,0.07,38.02,0.29,10.54,43.71,0
2025-08-10 18:17:00,18,10,8,6,66,24,p2,27,78,1005,8.22,250,2,73.05,0.0,0.07,38.38,0.3,10.09,41.93,0
2025-08-10 19:17:00,19,10,8,6,66,24,p2,27,78,1005,8.2,252,2,72.9,0.0,0.07,38.57,0.31,9.69,40.46,0
2025-08-10 21:17:00,21,10,8,6,66,24,p2,26,82,1005,8.31,254,2,73.41,0.0,0.07,39.09,0.31,8.86,36.74,0
2025-08-10 22:17:00,22,10,8,6,62,21,p2,26,82,1005,8.22,259,2,74.34,0.0,0.06,39.39,0.29,8.42,34.19,0
2025-08-10 23:17:00,23,10,8,6,66,24,p2,26,84,1005,8.36,259,2,75.61,0.0,0.06,39.67,0.28,8.14,31.75,0
2025-08-11 00:17:00,0,11,8,0,62,22,p2,26,84,1005,7.74,260,2,76.74,0.0,0.06,40.02,0.27,8.08,30.19,0
2025-08-11 01:17:00,1,11,8,0,68,26,p2,26,84,1005,7.72,257,2,77.82,0.0,0.06,40.4,0.27,8.19,29.38,0
2025-08-11 02:17:00,2,11,8,0,56,17,p2,27,81,1005,8.04,259,2,78.82,0.0,0.06,40.73,0.26,8.35,28.49,0
2025-08-11 03:17:00,3,11,8,0,75,31,p2,27,79,1005,8.19,256,2,79.84,0.0,0.06,41.06,0.26,8.53,27.83,0
2025-08-11 04:17:00,4,11,8,0,69,27,p2,27,78,1005,8.24,254,2,80.58,0.01,0.05,41.23,0.26,8.78,28.56,0
2025-08-11 05:17:00,5,11,8,0,63,22,p2,28,77,1006,8.42,254,2,80.72,0.01,0.04,41.04,0.27,9.4,31.97,0
2025-08-11 06:17:00,6,11,8,0,77,33,p2,28,74,1005,8.74,252,2,80.35,0.01,0.04,40.28,0.28,10.23,36.37,0
2025-08-11 07:17:00,7,11,8,0,65,24,p2,28,73,1005,8.95,254,2,79.55,0.01,0.04,39.12,0.3,11.16,41.34,0
2025-08-11 08:17:00,8,11,8,0,77,33,p2,28,72,1005,9.37,251,2,78.36,0.01,0.04,37.91,0.31,11.88,45.6,0
2025-08-11 09:17:00,9,11,8,0,68,26,p2,28,72,1004,9.01,249,2,77.27,0.01,0.04,36.96,0.31,12.36,48.87,0
2025-08-11 10:17:00,10,11,8,0,75,32,p2,28,73,1003,9.02,246,3,76.28,0.01,0.04,36.38,0.32,12.7,51.74,0
2025-08-11 11:17:00,11,11,8,0,72,29,p2,28,74,1003,9.17,245,3,74.94,0.01,0.05,35.96,0.33,12.95,54.33,0
2025-08-11 12:17:00,12,11,8,0,69,27,p2,28,76,1002,8.86,240,3,73.57,0.01,0.05,35.8,0.35,12.99,55.99,0
2025-08-11 13:17:00,13,11,8,0,66,24,p2,27,78,1003,8.71,239,3,73.01,0.0,0.07,36.34,0.37,12.91,56.95,0
2025-08-11 14:17:00,14,11,8,0,69,27,p2,27,80,1003,8.24,239,3,73.06,0.0,0.08,36.58,0.37,12.38,54.93,0
2025-08-11 15:17:00,15,11,8,0,73,30,p2,27,81,1004,8.06,243,2,74.48,0.0,0.08,37.18,0.37,10.26,45.39,0
2025-08-11 16:17:00,16,11,8,0,64,23,p2,27,81,1004,8.69,252,2,75.58,0.0,0.08,37.52,0.36,9.72,43.01,0
2025-08-11 17:17:00,17,11,8,0,75,32,p2,27,81,1004,9.14,254,2,76.5,0.0,0.08,37.68,0.36,9.57,42.57,0
2025-08-11 18:17:00,18,11,8,0,74,31,p2,27,80,1004,8.45,250,2,76.9,0.0,0.08,37.78,0.37,9.77,44.03,0
2025-08-11 19:17:00,19,11,8,0,73,30,p2,27,81,1004,8.75,255,2,76.02,0.0,0.08,37.42,0.4,11.09,49.9,0
2025-08-11 20:17:00,20,11,8,0,74,31,p2,26,82,1004,9.06,255,2,75.87,0.0,0.08,37.22,0.4,11.28,49.48,0
2025-08-11 21:17:00,21,11,8,0,62,21,p2,26,81,1003,8.96,254,3,75.55,0.0,0.08,36.91,0.41,11.97,51.85,0
2025-08-11 22:17:00,22,11,8,0,65,24,p2,26,81,1003,8.7,255,2,75.83,0.0,0.08,36.84,0.41,11.97,49.84,0
2025-08-11 23:17:00,23,11,8,0,66,24,p2,26,81,1002,8.64,256,2,76.92,0.0,0.08,37.08,0.39,11.54,47.32,0
2025-08-12 00:17:00,0,12,8,1,64,23,p2,26,82,1003,8.62,253,2,78.06,0.0,0.08,37.59,0.38,11.31,46.9,0
2025-08-12 01:17:00,1,12,8,1,66,24,p2,26,83,1003,8.89,252,3,78.87,0.0,0.08,38.26,0.39,11.69,51.34,0
2025-08-12 02:17:00,2,12,8,1,68,26,p2,26,83,1003,8.91,252,3,77.94,0.0,0.08,38.12,0.41,12.8,58.23,0
2025-08-12 03:17:00,3,12,8,1,66,24,p2,27,82,1004,8.94,253,3,76.11,0.0,0.08,37.24,0.44,14.28,65.5,0
2025-08-12 04:17:00,4,12,8,1,69,27,p2,27,80,1004,9.1,256,3,74.65,0.01,0.08,36.56,0.45,15.1,69.9,0
2025-08-12 05:17:00,5,12,8,1,64,23,p2,28,78,1004,9.34,256,3,73.91,0.01,0.07,36.47,0.45,15.38,71.79,0
2025-08-12 06:17:00,6,12,8,1,68,26,p2,28,76,1004,9.44,256,3,73.72,0.01,0.06,36.7,0.45,15.26,71.21,0
2025-08-12 07:17:00,7,12,8,1,66,25,p2,28,76,1003,9.3,253,3,73.97,0.01,0.05,36.84,0.44,15.02,70.37,0
2025-08-12 08:17:00,8,12,8,1,67,25,p2,28,75,1002,9.41,250,3,73.89,0.01,0.05,36.7,0.44,14.84,69.74,0
2025-08-12 09:17:00,9,12,8,1,64,23,p2,28,75,1002,9.55,250,3,74.03,0.01,0.05,36.55,0.44,14.64,68.5,0
2025-08-12 10:17:00,10,12,8,1,71,29,p2,28,75,1001,9.62,248,3,74.29,0.01,0.05,36.69,0.44,14.47,67.15,0
2025-08-12 11:17:00,11,12,8,1,71,29,p2,28,77,1001,9.61,247,3,74.67,0.01,0.05,37.0,0.44,14.37,66.14,0
2025-08-12 12:17:00,12,12,8,1,68,26,p2,28,78,1000,9.08,240,3,74.72,0.01,0.06,37.23,0.45,14.55,66.19,0
2025-08-12 13:17:00,13,12,8,1,66,24,p2,27,79,1001,8.35,236,3,74.71,0.01,0.08,37.57,0.47,15.1,67.92,0
2025-08-12 14:17:00,14,12,8,1,68,26,p2,27,80,1001,8.1,231,3,74.76,0.0,0.09,37.56,0.44,13.91,61.94,0
2025-08-12 15:17:00,15,12,8,1,66,24,p2,27,81,1001,7.6,238,3,74.16,0.0,0.1,37.85,0.45,14.08,62.13,0
2025-08-12 16:17:00,16,12,8,1,67,25,p2,27,81,1002,7.5,243,3,73.79,0.0,0.11,38.18,0.46,14.26,62.94,0
2025-08-12 17:17:00,17,12,8,1,69,27,p2,27,80,1002,7.83,248,3,73.93,0.0,0.11,38.59,0.46,14.31,63.22,0
2025-08-12 18:17:00,18,12,8,1,77,33,p2,26,81,1002,7.34,247,3,74.65,0.0,0.11,39.05,0.45,14.47,63.91,0
2025-08-12 19:17:00,19,12,8,1,74,31,p2,26,82,1002,6.77,241,3,75.13,0.0,0.11,39.39,0.45,15.05,64.53,0
2025-08-12 20:17:00,20,12,8,1,71,29,p2,26,82,1001,6.83,247,3,75.05,0.0,0.11,39.53,0.46,16.28,68.88,0
2025-08-12 21:17:00,21,12,8,1,73,30,p2,26,82,1001,6.61,248,3,74.48,0.0,0.11,39.31,0.48,17.7,75.32,0
2025-08-12 22:17:00,22,12,8,1,76,32,p2,26,82,1001,6.94,249,3,73.91,0.0,0.12,39.23,0.5,18.84,81.25,0
2025-08-12 23:17:00,23,12,8,1,74,31,p2,26,83,1001,6.58,246,3,73.63,0.0,0.12,39.4,0.5,19.5,85.25,0
2025-08-13 00:17:00,0,13,8,2,73,30,p2,26,83,1001,6.57,252,3,74.08,0.0,0.12,39.95,0.5,20.27,89.65,0
2025-08-13 01:17:00,1,13,8,2,73,30,p2,26,83,1001,6.6,256,3,74.85,0.0,0.11,40.75,0.52,21.44,97.61,0
2025-08-13 02:17:00,2,13,8,2,64,23,p2,27,83,1001,6.31,255,4,74.86,0.0,0.12,41.0,0.53,22.36,104.13,0
2025-08-13 03:17:00,3,13,8,2,80,35,p2,27,80,1001,6.23,253,4,74.48,0.01,0.11,40.73,0.54,22.72,106.78,0
2025-08-13 04:17:00,4,13,8,2,81,36,p2,27,78,1001,6.56,250,4,73.99,0.01,0.1,40.35,0.54,22.76,107.39,0
2025-08-13 05:17:00,5,13,8,2,79,34,p2,28,76,1002,6.37,250,4,73.53,0.02,0.09,40.22,0.54,22.65,107.43,0
2025-08-13 06:17:00,6,13,8,2,88,41,p2,28,76,1001,6.68,246,4,73.45,0.02,0.08,40.15,0.52,22.49,107.15,0
2025-08-13 07:17:00,7,13,8,2,77,33,p2,28,75,1001,6.58,243,4,73.71,0.01,0.07,40.04,0.51,22.17,106.54,0
2025-08-13 08:17:00,8,13,8,2,79,34,p2,29,74,1000,6.67,240,4,74.02,0.01,0.06,39.84,0.5,21.83,105.77,0
2025-08-13 09:17:00,9,13,8,2,77,33,p2,28,74,1000,6.76,239,4,74.2,0.01,0.06,39.45,0.49,21.42,104.26,0
2025-08-13 10:17:00,10,13,8,2,76,32,p2,28,75,999,6.64,240,4,74.33,0.01,0.06,39.12,0.49,21.07,102.62,0
2025-08-13 11:17:00,11,13,8,2,75,31,p2,28,76,999,6.49,237,4,74.26,0.01,0.07,38.89,0.49,20.73,100.57,0
2025-08-13 12:17:00,12,13,8,2,68,26,p2,28,77,999,6.21,227,3,74.18,0.01,0.07,38.86,0.49,20.51,98.79,0
2025-08-13 13:17:00,13,13,8,2,65,24,p2,28,78,999,5.82,226,3,74.58,0.0,0.09,39.08,0.5,20.51,98.35,0
2025-08-13 14:17:00,14,13,8,2,79,34,p2,28,80,999,5.88,222,3,74.98,0.0,0.11,39.56,0.48,20.06,96.76,0
2025-08-13 15:17:00,15,13,8,2,82,37,p2,27,81,999,5.83,226,3,75.0,0.0,0.11,39.56,0.48,20.11,96.03,0
2025-08-13 16:17:00,16,13,8,2,77,33,p2,27,81,1000,5.54,228,3,75.02,0.0,0.11,39.53,0.48,20.16,95.51,0
2025-08-13 17:17:00,17,13,8,2,73,30,p2,27,81,1001,5.25,228,3,75.24,0.0,0.11,39.64,0.48,20.25,95.15,0
2025-08-13 18:17:00,18,13,8,2,75,31,p2,27,82,1001,5.46,236,3,75.65,0.0,0.11,39.89,0.47,20.26,94.9,0
2025-08-13 19:17:00,19,13,8,2,80,35,p2,27,81,1001,4.97,240,3,76.11,0.0,0.11,40.29,0.45,20.18,94.51,0
2025-08-13 20:17:00,20,13,8,2,84,39,p2,27,81,1001,3.93,243,3,76.79,0.0,0.1,40.81,0.43,20.18,94.86,0
2025-08-13 21:17:00,21,13,8,2,88,41,p2,27,81,1001,3.74,241,3,77.05,0.0,0.1,41.04,0.42,20.31,95.56,0
2025-08-13 22:17:00,22,13,8,2,87,41,p2,27,81,1000,3.99,241,3,77.16,0.0,0.1,41.01,0.41,20.5,96.08,0
2025-08-13 23:17:00,23,13,8,2,84,39,p2,27,81,1000,4.6,247,3,77.23,0.0,0.11,40.9,0.41,20.65,96.06,0
2025-08-14 00:17:00,0,14,8,3,84,39,p2,27,81,1001,2.47,260,3,77.58,0.0,0.11,40.82,0.4,20.79,96.13,0
2025-08-14 01:17:00,1,14,8,3,79,34,p2,27,81,1001,1.89,256,3,77.8,0.0,0.11,40.99,0.39,20.93,96.52,0
2025-08-14 02:17:00,2,14,8,3,82,37,p2,27,79,1002,0.63,202,3,78.36,0.0,0.11,41.21,0.38,21.1,96.74,0
2025-08-14 03:17:00,3,14,8,3,105,53,p2,27,78,1002,1.57,233,3,78.85,0.0,0.12,41.47,0.37,21.27,96.64,0
2025-08-14 04:17:00,4,14,8,3,95,46,p2,28,76,1002,1.66,192,3,79.32,0.01,0.11,41.77,0.36,21.37,96.25,0
2025-08-14 05:17:00,5,14,8,3,94,46,p2,28,74,1002,1.93,190,3,79.64,0.01,0.1,42.03,0.35,21.5,95.76,0
2025-08-14 06:17:00,6,14,8,3,78,34,p2,28,75,1002,2.19,179,3,79.9,0.01,0.09,42.13,0.35,21.56,95.1,0
2025-08-14 07:17:00,7,14,8,3,73,30,p2,29,72,1001,3.67,175,3,79.76,0.01,0.08,41.81,0.34,21.56,93.69,0
2025-08-14 08:17:00,8,14,8,3,73,30,p2,28,74,1001,3.76,182,3,79.54,0.01,0.08,41.2,0.34,21.49,92.2,0
2025-08-14 09:17:00,9,14,8,3,75,31,p2,28,74,1001,3.54,189,3,79.26,0.01,0.08,40.69,0.34,21.3,90.74,0
2025-08-15 07:22:00,7,15,8,4,129,65,p2,29,71,1002,4.27,182,2,82.34,0.01,0.05,43.07,0.14,13.42,49.09,0
2025-08-15 08:17:00,8,15,8,4,105,53,p2,30,71,1001,5.04,192,2,82.41,0.01,0.05,41.64,0.13,13.45,48.11,0
2025-08-15 09:17:00,9,15,8,4,82,37,p2,30,71,1001,5.12,207,2,82.18,0.01,0.04,40.37,0.13,13.58,47.53,0
2025-08-15 10:17:00,10,15,8,4,69,27,p2,30,72,1000,5.6,211,2,82.08,0.01,0.05,39.42,0.14,13.84,47.77,0
2025-08-15 11:17:00,11,15,8,4,73,30,p2,29,74,1000,6.4,204,2,81.86,0.01,0.05,38.76,0.14,14.14,48.49,0
2025-08-15 12:17:00,12,15,8,4,64,23,p2,29,75,1000,5.87,203,2,81.33,0.01,0.06,38.6,0.15,14.41,49.41,0
2025-08-15 13:17:00,13,15,8,4,71,29,p2,29,76,1000,5.35,203,3,81.16,0.01,0.08,39.13,0.16,14.62,50.31,0
2025-08-15 14:17:00,14,15,8,4,77,33,p2,28,78,1000,4.76,203,3,80.67,0.0,0.08,38.06,0.15,17.42,58.96,0
2025-08-15 15:17:00,15,15,8,4,76,32,p2,28,79,1001,4.26,208,3,80.28,0.0,0.09,37.97,0.16,17.77,58.89,0
2025-08-15 16:17:00,16,15,8,4,75,31,p2,28,79,1001,4.03,219,3,79.94,0.0,0.1,37.85,0.16,17.99,60.85,0
2025-08-15 17:17:00,17,15,8,4,80,36,p2,28,80,1002,4.2,227,3,79.8,0.0,0.1,37.84,0.16,17.93,61.94,0
2025-08-15 18:17:00,18,15,8,4,83,38,p2,28,80,1002,2.62,234,3,79.72,0.0,0.09,37.92,0.15,17.61,62.11,0
2025-08-15 19:17:00,19,15,8,4,82,37,p2,28,80,1001,2.46,219,3,79.59,0.0,0.09,38.01,0.15,17.0,61.14,0
2025-08-15 20:17:00,20,15,8,4,94,46,p2,28,80,1000,2.98,198,3,79.47,0.0,0.09,38.06,0.15,16.36,59.74,0
2025-08-15 21:17:00,21,15,8,4,72,29,p2,28,81,1000,3.05,199,3,79.55,0.0,0.09,38.16,0.15,15.8,58.27,0
2025-08-15 22:17:00,22,15,8,4,70,28,p2,28,82,999,2.82,205,3,79.53,0.0,0.09,38.27,0.15,15.35,56.81,0
2025-08-15 23:17:00,23,15,8,4,77,33,p2,27,82,999,2.47,210,3,79.64,0.0,0.09,38.31,0.14,15.03,55.33,0
2025-08-16 00:17:00,0,16,8,5,75,31,p2,27,82,1000,2.18,212,3,79.75,0.0,0.08,38.36,0.13,14.82,53.94,0
2025-08-16 01:17:00,1,16,8,5,71,28,p2,27,83,1000,2.31,219,3,79.7,0.0,0.08,38.31,0.13,14.6,51.08,0
2025-08-16 02:17:00,2,16,8,5,70,28,p2,28,82,1001,2.1,229,2,80.0,0.0,0.09,38.38,0.12,14.37,47.86,0
2025-08-16 03:17:00,3,16,8,5,75,31,p2,28,80,1001,2.23,232,2,80.16,0.01,0.09,38.47,0.11,14.22,45.6,0
2025-08-16 04:17:00,4,16,8,5,77,33,p2,28,76,1001,2.57,241,2,80.27,0.01,0.07,38.54,0.1,14.07,44.51,0
2025-08-16 05:17:00,5,16,8,5,81,36,p2,29,73,1002,2.95,225,2,80.56,0.01,0.06,38.6,0.09,13.8,43.51,0
2025-08-16 06:17:00,6,16,8,5,79,34,p2,29,72,1001,3.66,215,2,80.91,0.01,0.05,38.59,0.09,13.54,42.38,0
2025-08-16 07:17:00,7,16,8,5,81,36,p2,30,71,1001,4.48,198,2,81.13,0.01,0.04,38.2,0.08,13.39,41.42,0
2025-08-16 08:17:00,8,16,8,5,81,36,p2,30,71,1000,4.77,196,2,81.22,0.01,0.04,37.6,0.08,13.41,40.89,0
2025-08-16 09:17:00,9,16,8,5,75,31,p2,30,70,999,4.94,197,2,81.3,0.01,0.04,37.08,0.07,13.55,40.63,0
2025-08-16 10:17:00,10,16,8,5,75,31,p2,30,70,999,5.12,211,2,81.64,0.01,0.04,36.71,0.08,13.9,41.25,0
2025-08-16 11:17:00,11,16,8,5,76,32,p2,30,71,998,5.9,225,2,82.04,0.01,0.05,36.71,0.08,14.49,43.01,0
2025-08-16 12:17:00,12,16,8,5,71,29,p2,30,71,998,6.52,227,2,82.57,0.0,0.06,37.05,0.09,15.19,45.19,0
2025-08-16 13:17:00,13,16,8,5,65,24,p2,30,73,998,6.34,225,2,83.59,0.0,0.07,37.81,0.1,15.98,47.77,0
2025-08-16 14:17:00,14,16,8,5,66,25,p2,29,75,999,5.22,226,3,84.66,0.0,0.08,38.69,0.11,16.67,50.22,0
2025-08-16 15:17:00,15,16,8,5,72,29,p2,29,77,1000,4.75,227,2,83.19,0.0,0.07,37.2,0.08,13.97,41.1,0
2025-08-16 16:17:00,16,16,8,5,69,27,p2,29,78,1000,4.92,223,2,84.16,0.0,0.07,38.1,0.08,14.02,40.43,0
2025-08-16 17:17:00,17,16,8,5,75,31,p2,29,78,1001,4.62,242,2,85.31,0.0,0.07,39.07,0.09,14.12,40.21,0
2025-08-16 18:17:00,18,16,8,5,75,31,p2,28,79,1001,3.92,257,2,86.31,0.0,0.07,40.02,0.1,14.3,40.65,0
2025-08-16 19:17:00,19,16,8,5,73,30,p2,28,80,1000,3.86,259,2,87.04,0.0,0.07,40.83,0.1,14.45,41.31,0
2025-08-16 20:17:00,20,16,8,5,73,30,p2,28,81,999,3.84,258,2,87.61,0.0,0.07,41.36,0.11,14.45,41.64,0
2025-08-16 21:17:00,21,16,8,5,65,24,p2,28,82,999,3.89,267,2,87.75,0.0,0.07,41.59,0.11,14.3,41.57,0
2025-08-16 22:17:00,22,16,8,5,65,23,p2,28,82,999,4.09,279,2,87.76,0.0,0.07,41.58,0.1,14.12,41.53,0
2025-08-16 23:17:00,23,16,8,5,68,26,p2,28,82,999,2.98,278,2,87.85,0.0,0.07,41.51,0.1,13.98,41.5,0
2025-08-17 01:17:00,1,17,8,6,61,21,p2,28,81,999,2.89,276,2,87.57,0.0,0.07,41.16,0.09,13.71,41.22,0
2025-08-17 02:17:00,2,17,8,6,69,27,p2,28,81,1000,2.79,267,2,96.09,0.0,0.08,45.04,0.1,13.6,40.91,0
2025-08-17 03:17:00,3,17,8,6,66,25,p2,28,79,1000,3.11,268,2,87.7,0.01,0.07,40.94,0.08,13.62,40.93,0
2025-08-17 04:17:00,4,17,8,6,70,27,p2,29,76,1000,3.2,268,2,87.65,0.01,0.05,40.79,0.08,13.69,40.98,0
2025-08-17 05:17:00,5,17,8,6,70,28,p2,29,73,1001,3.17,232,2,87.76,0.01,0.04,40.48,0.08,13.83,41.26,0
2025-08-17 06:17:00,6,17,8,6,64,23,p2,30,73,1000,3.95,226,2,87.84,0.01,0.04,39.8,0.07,13.92,41.25,0
2025-08-17 07:17:00,7,17,8,6,63,22,p2,30,72,1000,4.75,219,2,87.77,0.01,0.03,38.73,0.07,13.9,40.94,0
2025-08-17 08:17:00,8,17,8,6,69,27,p2,30,74,999,5.14,222,2,87.52,0.01,0.03,37.45,0.06,13.78,40.38,0
2025-08-17 10:17:00,10,17,8,6,62,22,p2,30,74,998,6.44,231,2,87.08,0.01,0.03,35.15,0.06,13.31,38.6,0
2025-08-17 11:17:00,11,17,8,6,63,22,p2,30,73,997,5.63,244,2,86.75,0.01,0.03,34.35,0.05,13.01,37.74,0
2025-08-17 12:17:00,12,17,8,6,73,30,p2,30,74,997,4.31,252,2,86.54,0.0,0.04,34.01,0.06,12.68,36.85,0
2025-08-17 13:17:00,13,17,8,6,65,24,p2,29,79,998,4.75,244,2,86.34,0.0,0.05,33.96,0.06,12.35,35.94,0
2025-08-17 14:17:00,14,17,8,6,64,23,p2,29,80,998,5.24,247,2,85.97,0.0,0.06,33.85,0.06,12.01,34.86,0
2025-08-17 15:17:00,15,17,8,6,62,21,p2,29,81,999,4.56,251,2,87.0,0.0,0.07,35.35,0.06,13.31,38.15,0
2025-08-17 16:17:00,16,17,8,6,67,25,p2,29,82,1000,4.48,268,2,86.5,0.0,0.07,35.11,0.06,12.81,36.72,0
2025-08-17 17:17:00,17,17,8,6,69,27,p2,29,81,1001,4.92,274,2,86.35,0.0,0.07,35.0,0.06,12.74,36.38,0
2025-08-17 18:17:00,18,17,8,6,73,30,p2,29,82,1001,4.5,272,2,86.25,0.0,0.07,34.81,0.06,12.45,35.3,0
2025-08-17 19:17:00,19,17,8,6,74,30,p2,28,83,1000,4.46,269,2,85.76,0.0,0.07,34.52,0.06,12.11,34.03,0
2025-08-17 20:17:00,20,17,8,6,66,24,p2,28,82,1001,4.14,289,2,85.5,0.0,0.07,34.24,0.07,11.82,32.86,0
2025-08-17 21:17:00,21,17,8,6,63,22,p2,28,82,1000,4.25,303,2,85.19,0.0,0.07,33.95,0.07,11.59,31.92,0
2025-08-17 22:17:00,22,17,8,6,57,17,p2,28,81,1000,4.08,306,2,85.0,0.0,0.07,33.57,0.08,11.41,30.33,0
2025-08-17 23:17:00,23,17,8,6,58,18,p2,29,80,999,3.91,301,2,84.91,0.0,0.07,33.2,0.09,11.35,29.26,0
2025-08-18 00:17:00,0,18,8,0,60,20,p2,29,80,1000,3.58,313,2,84.91,0.0,0.07,33.0,0.1,11.4,29.19,0
2025-08-18 01:17:00,1,18,8,0,69,27,p2,28,82,1000,3.65,309,2,84.93,0.0,0.07,33.2,0.09,11.36,29.44,0
2025-08-18 02:17:00,2,18,8,0,67,25,p2,29,77,1001,2.91,307,2,85.44,0.0,0.07,33.09,0.09,11.3,29.11,0
2025-08-18 03:17:00,3,18,8,0,68,26,p2,30,74,1001,2.66,309,2,85.89,0.0,0.08,33.16,0.09,11.4,29.59,0
2025-08-18 04:17:00,4,18,8,0,73,30,p2,30,71,1001,1.76,316,2,86.17,0.01,0.08,33.09,0.09,11.5,28.85,0
2025-08-18 05:17:00,5,18,8,0,90,43,p2,31,68,1002,0.56,237,2,86.7,0.01,0.07,33.03,0.09,11.71,28.09,0
2025-08-18 06:17:00,6,18,8,0,110,55,p2,32,65,1001,1.73,223,2,87.15,0.01,0.07,33.07,0.08,11.93,27.61,0
2025-08-18 07:17:00,7,18,8,0,110,55,p2,32,67,1001,3.7,209,2,87.55,0.01,0.06,33.08,0.09,12.14,27.81,0
2025-08-18 08:17:00,8,18,8,0,89,42,p2,31,71,1000,5.63,222,2,87.68,0.01,0.06,32.83,0.09,12.3,28.21,0
2025-08-18 09:17:00,9,18,8,0,81,36,p2,31,73,999,6.34,239,2,87.06,0.01,0.04,32.01,0.08,12.69,29.74,0
2025-08-18 10:17:00,10,18,8,0,80,35,p2,31,74,999,6.34,235,2,87.81,0.01,0.05,32.03,0.08,12.35,28.18,0
2025-08-18 11:17:00,11,18,8,0,81,36,p2,31,74,999,5.19,240,2,87.51,0.01,0.05,31.51,0.08,12.25,28.13,0
2025-08-18 12:17:00,12,18,8,0,78,34,p2,31,73,999,4.8,248,2,86.63,0.01,0.04,30.74,0.06,12.09,28.57,0
2025-08-18 13:17:00,13,18,8,0,75,32,p2,31,74,999,4.14,243,2,86.47,0.0,0.05,30.6,0.06,11.78,28.19,0
2025-08-18 14:17:00,14,18,8,0,79,34,p2,30,76,999,5.07,253,2,86.41,0.0,0.06,30.48,0.07,11.43,27.22,0
2025-08-18 15:17:00,15,18,8,0,81,36,p2,30,79,1000,5.71,280,2,85.91,0.0,0.08,30.48,0.17,13.08,32.1,0
2025-08-18 16:17:00,16,18,8,0,83,38,p2,29,82,1001,6.21,291,2,85.59,0.0,0.08,31.0,0.17,12.79,30.54,0
2025-08-18 17:17:00,17,18,8,0,82,37,p2,29,81,1001,6.12,280,2,85.43,0.0,0.08,31.33,0.17,13.0,30.47,0
2025-08-18 18:17:00,18,18,8,0,80,35,p2,29,84,1001,4.89,274,2,85.73,0.0,0.08,31.49,0.17,12.84,28.62,0
2025-08-18 19:17:00,19,18,8,0,91,44,p2,28,86,1002,3.85,282,2,85.48,0.0,0.08,31.77,0.18,13.25,29.9,0
2025-08-18 20:17:00,20,18,8,0,98,49,p2,29,83,1001,4.12,280,2,84.75,0.0,0.09,31.96,0.2,13.91,32.19,0
2025-08-18 21:17:00,21,18,8,0,112,56,p2,28,84,1000,4.4,284,2,84.25,0.0,0.09,32.38,0.21,14.55,34.06,0
2025-08-18 22:17:00,22,18,8,0,110,55,p2,28,84,1000,4.47,288,2,83.76,0.0,0.09,33.13,0.25,14.32,30.76,0
2025-08-18 23:17:00,23,18,8,0,103,52,p2,28,84,1000,4.18,293,2,83.44,0.0,0.09,34.13,0.25,13.49,24.99,0
2025-08-19 00:17:00,0,19,8,1,86,40,p2,28,83,1000,3.43,289,2,83.04,0.0,0.1,35.18,0.24,12.74,20.75,0
2025-08-19 01:17:00,1,19,8,1,81,36,p2,28,82,1000,2.95,279,2,82.59,0.0,0.1,36.04,0.22,12.53,19.22,0
2025-08-19 02:17:00,2,19,8,1,86,40,p2,29,81,1001,4.13,287,2,81.67,0.0,0.11,37.09,0.24,13.4,21.19,0
2025-08-19 03:17:00,3,19,8,1,77,33,p2,29,79,1001,4.98,291,2,81.57,0.0,0.12,37.53,0.24,13.37,21.03,0
2025-08-19 04:17:00,4,19,8,1,85,39,p2,30,77,1002,5.01,283,2,82.5,0.01,0.12,37.49,0.23,12.98,20.13,0
2025-08-19 05:17:00,5,19,8,1,81,36,p2,30,76,1002,5.04,273,2,82.49,0.01,0.1,37.55,0.24,13.24,21.55,0
2025-08-19 06:17:00,6,19,8,1,77,33,p2,30,74,1002,4.86,283,2,82.16,0.01,0.09,37.51,0.25,13.69,23.39,0
2025-08-19 07:17:00,7,19,8,1,89,42,p2,32,69,1001,4.49,273,2,81.74,0.01,0.08,37.3,0.26,14.24,25.82,0
2025-08-19 08:17:00,8,19,8,1,81,36,p2,32,69,999,6.39,254,2,81.26,0.01,0.07,37.06,0.28,14.69,28.19,0
2025-08-19 09:17:00,9,19,8,1,71,28,p2,31,74,999,7.72,273,2,80.67,0.01,0.07,36.82,0.28,14.99,30.06,0
2025-08-19 10:17:00,10,19,8,1,61,21,p2,30,74,998,7.59,273,2,80.38,0.01,0.06,36.74,0.29,15.24,32.4,0
2025-08-19 11:17:00,11,19,8,1,66,24,p2,29,78,997,8.95,272,2,79.88,0.01,0.07,36.77,0.3,15.39,34.74,0
2025-08-19 12:17:00,12,19,8,1,71,29,p2,30,77,998,6.12,259,2,79.4,0.01,0.09,36.92,0.3,15.48,36.78,0
2025-08-19 13:17:00,13,19,8,1,68,26,p2,29,78,998,4.04,302,2,79.26,0.0,0.1,37.23,0.31,15.61,38.93,0
2025-08-19 14:17:00,14,19,8,1,79,34,p2,28,83,998,6.29,330,2,79.06,0.0,0.11,37.61,0.32,15.85,41.69,0
2025-08-19 15:17:00,15,19,8,1,71,28,p2,26,95,999,7.31,343,1,82.4,0.0,0.1,36.57,0.17,9.53,15.05,0
2025-08-19 16:17:00,16,19,8,1,68,26,p2,27,86,999,9.64,313,2,81.61,0.0,0.1,36.96,0.2,10.59,18.83,0
2025-08-19 17:17:00,17,19,8,1,61,20,p2,28,85,1001,6.91,331,2,80.8,0.0,0.09,37.4,0.24,11.83,23.88,0
2025-08-19 18:17:00,18,19,8,1,65,23,p2,26,92,1002,7.15,78,2,80.16,0.0,0.09,38.01,0.27,12.89,29.35,0
2025-08-19 19:17:00,19,19,8,1,52,14,p2,26,81,999,2.76,72,2,79.65,0.0,0.09,38.7,0.3,13.6,34.42,0
2025-08-19 20:17:00,20,19,8,1,51,13,p2,27,78,999,6.59,349,2,79.17,0.0,0.09,39.29,0.32,14.01,38.52,0
2025-08-19 21:17:00,21,19,8,1,39,10,p2,28,81,999,6.84,309,2,78.71,0.0,0.09,39.77,0.34,14.32,41.62,0
2025-08-19 22:17:00,22,19,8,1,43,11,p2,27,85,999,8.13,319,2,78.36,0.0,0.08,40.0,0.33,13.34,34.37,0
2025-08-19 23:17:00,23,19,8,1,38,10,p2,27,83,998,5.6,335,2,77.99,0.0,0.08,40.01,0.3,12.36,27.49,0
2025-08-20 00:17:00,0,20,8,2,21,5,p2,28,83,999,3.76,346,2,77.86,0.0,0.08,39.78,0.28,12.09,25.48,0
2025-08-20 01:17:00,1,20,8,2,26,7,p2,28,83,999,3.1,347,2,77.9,0.0,0.09,39.41,0.27,11.81,23.78,0
2025-08-20 06:17:00,6,20,8,2,76,32,p2,32,63,1000,0.88,135,1,85.59,0.0,0.18,37.18,0.24,7.46,11.04,0
2025-08-20 07:17:00,7,20,8,2,92,44,p2,32,62,999,2.15,174,1,87.6,0.0,0.17,37.68,0.37,6.81,9.8,0
2025-08-20 08:17:00,8,20,8,2,106,53,p2,32,66,998,4.22,203,1,90.6,0.0,0.2,39.17,0.7,6.4,9.01,0
2025-08-20 09:17:00,9,20,8,2,95,47,p2,31,70,997,6.38,230,1,97.79,0.01,0.37,41.82,1.42,6.44,8.84,0
2025-08-20 10:17:00,10,20,8,2,94,46,p2,30,73,997,7.09,254,1,106.96,0.03,0.57,45.43,1.69,7.39,10.3,0
2025-08-20 11:17:00,11,20,8,2,73,30,p2,28,82,996,7.91,274,1,108.43,0.02,0.58,47.55,1.44,8.24,11.99,0
2025-08-20 12:17:00,12,20,8,2,66,24,p2,26,87,996,5.27,274,1,106.27,0.01,0.57,47.81,1.19,8.53,12.98,0
2025-08-20 13:17:00,13,20,8,2,64,23,p2,27,96,996,3.55,112,1,104.55,0.01,0.58,47.53,1.04,8.61,13.34,0
2025-08-20 14:17:00,14,20,8,2,63,23,p2,27,87,997,8.23,255,1,104.59,0.0,0.58,46.58,0.9,8.63,13.42,0
2025-08-20 15:17:00,15,20,8,2,77,33,p2,27,87,999,4.84,246,2,121.3,0.0,0.53,45.97,0.75,10.92,18.96,0
2025-08-20 16:17:00,16,20,8,2,60,20,p2,27,87,1000,6.24,227,2,136.19,0.0,0.91,48.03,1.05,11.97,20.16,0
2025-08-20 17:17:00,17,20,8,2,37,10,p2,26,85,1000,4.29,268,2,150.23,0.0,1.27,49.08,1.46,13.13,22.47,0
2025-08-20 18:17:00,18,20,8,2,52,13,p2,26,84,1001,6.92,290,2,155.9,0.0,1.43,48.65,1.7,13.87,24.63,0
2025-08-20 19:17:00,19,20,8,2,56,17,p2,26,83,1001,2.61,323,2,152.38,0.0,1.32,46.9,1.88,13.38,23.32,0
2025-08-20 20:17:00,20,20,8,2,54,15,p2,27,84,1001,6.28,325,2,145.51,0.0,1.13,44.69,1.89,12.18,20.06,0
2025-08-20 21:17:00,21,20,8,2,44,11,p2,27,81,999,1.67,28,2,142.08,0.0,1.06,43.17,1.89,11.17,17.4,0
2025-08-20 22:17:00,22,20,8,2,50,13,p2,27,81,999,1.32,121,2,138.46,0.0,1.04,41.67,1.66,10.56,16.16,0
2025-08-20 23:17:00,23,20,8,2,41,10,p2,28,82,999,1.98,204,2,135.42,0.0,1.02,40.3,1.39,10.21,15.73,0
2025-08-21 00:17:00,0,21,8,3,59,19,p2,27,83,1000,1.65,333,1,134.58,0.0,0.99,39.99,1.31,9.93,15.23,0
2025-08-21 01:17:00,1,21,8,3,66,24,p2,28,84,1000,0.94,195,1,142.79,0.0,0.99,42.77,1.64,9.88,13.91,0
2025-08-21 06:17:00,6,21,8,3,69,27,p2,28,79,1002,3.72,183,2,245.67,0.06,3.72,43.91,3.23,11.43,13.92,0
2025-08-21 07:17:00,7,21,8,3,80,36,p2,28,81,1002,5.02,201,1,193.34,0.08,2.01,45.44,1.75,8.84,10.94,0
2025-08-21 09:17:00,9,21,8,3,58,19,p2,28,82,1001,4.49,242,2,252.6,0.1,3.11,50.14,2.28,12.52,14.78,0
2025-08-21 10:17:00,10,21,8,3,62,21,p2,27,82,1001,3.47,247,2,248.95,0.11,2.63,52.78,2.0,12.89,15.03,0
2025-08-21 12:17:00,12,21,8,3,62,21,p2,27,85,1000,1.6,94,2,216.14,0.03,1.71,53.12,1.14,11.11,12.89,0
2025-08-21 13:17:00,13,21,8,3,89,42,p2,27,84,1000,2.35,242,1,197.3,0.01,1.3,52.46,0.77,9.72,11.33,0
2025-08-21 14:17:00,14,21,8,3,144,73,p2,28,80,1002,3.29,66,1,179.3,0.0,0.93,51.1,0.51,8.34,9.87,0
2025-08-21 15:17:00,15,21,8,3,161,94,p2,28,79,1001,2.9,162,1,100.0,0.0,0.1,40.1,0.12,4.25,6.6,0
2025-08-21 16:17:00,16,21,8,3,115,58,p2,28,81,1003,1.53,163,1,103.07,0.0,0.1,40.85,0.12,4.45,6.75,0
2025-08-21 17:17:00,17,21,8,3,78,34,p2,28,82,1002,3.49,209,1,106.75,0.0,0.11,41.67,0.12,4.72,7.02,0
2025-08-21 18:17:00,18,21,8,3,71,29,p2,27,84,1002,4.27,245,1,110.41,0.0,0.1,42.49,0.12,5.1,7.48,0
2025-08-21 19:17:00,19,21,8,3,102,51,p2,27,85,1003,3.99,249,1,113.33,0.0,0.11,43.13,0.13,5.57,8.37,0
2025-08-21 20:17:00,20,21,8,3,100,50,p2,27,89,1002,3.74,263,1,115.43,0.0,0.11,43.45,0.14,6.01,9.42,0
2025-08-21 21:17:00,21,21,8,3,115,58,p2,27,89,1001,3.88,270,1,117.02,0.0,0.11,43.55,0.16,6.37,10.48,0
2025-08-21 22:17:00,22,21,8,3,132,66,p2,27,89,1001,4.3,258,1,118.79,0.0,0.11,43.62,0.17,6.62,11.1,0
2025-08-21 23:17:00,23,21,8,3,135,68,p2,27,90,1001,4.94,249,1,120.57,0.0,0.11,43.61,0.18,6.79,11.58,0
2025-08-22 00:17:00,0,22,8,4,112,56,p2,27,89,1001,4.88,248,1,122.37,0.0,0.11,43.51,0.18,6.95,12.1,0
2025-08-22 01:17:00,1,22,8,4,112,56,p2,27,91,1002,5.72,247,1,123.63,0.0,0.11,43.44,0.19,7.08,12.63,0
2025-08-22 02:17:00,2,22,8,4,80,35,p2,27,90,1003,5.76,247,1,124.79,0.0,0.11,43.39,0.19,7.23,13.09,0
2025-08-22 03:17:00,3,22,8,4,71,29,p2,27,88,1003,5.87,246,1,125.34,0.0,0.12,43.47,0.2,7.45,13.44,0
2025-08-22 04:17:00,4,22,8,4,65,24,p2,28,87,1003,6.33,249,1,125.53,0.01,0.11,43.58,0.2,7.62,13.75,0
2025-08-22 05:17:00,5,22,8,4,61,21,p2,28,86,1003,6.9,248,1,125.93,0.01,0.1,43.75,0.21,7.73,14.1,0
2025-08-22 06:17:00,6,22,8,4,58,18,p2,28,85,1002,6.66,253,1,126.24,0.01,0.08,43.94,0.22,7.73,14.39,0
2025-08-22 07:17:00,7,22,8,4,54,15,p2,28,83,1002,6.96,256,1,126.56,0.01,0.07,44.07,0.23,7.61,14.68,0
2025-08-22 08:17:00,8,22,8,4,52,14,p2,28,84,1001,7.19,254,1,126.6,0.01,0.07,44.37,0.24,7.53,15.48,0
2025-08-22 09:17:00,9,22,8,4,50,13,p2,29,83,1000,7.18,254,1,126.35,0.01,0.07,44.86,0.26,7.43,16.32,0
2025-08-22 10:17:00,10,22,8,4,50,13,p2,29,83,1000,6.92,253,1,126.31,0.01,0.07,45.64,0.27,7.26,17.24,0
2025-08-22 11:17:00,11,22,8,4,42,11,p2,28,84,999,7.0,251,1,125.76,0.01,0.07,46.4,0.28,7.13,18.55,0
2025-08-22 12:17:00,12,22,8,4,39,10,p2,28,85,999,7.07,247,2,124.54,0.01,0.07,47.13,0.29,7.29,20.51,0
2025-08-22 13:17:00,13,22,8,4,39,10,p2,28,85,1000,7.27,242,2,123.18,0.0,0.09,47.78,0.3,7.71,22.55,0
2025-08-22 14:17:00,14,22,8,4,46,12,p2,28,87,1000,7.66,239,1,129.35,0.0,0.13,48.28,0.28,7.22,16.54,0
2025-08-22 15:17:00,15,22,8,4,57,18,p2,27,88,1000,7.44,240,2,127.18,0.0,0.13,49.88,0.31,8.24,20.17,0
2025-08-22 16:17:00,16,22,8,4,58,18,p2,27,89,1001,7.18,240,2,122.54,0.0,0.12,50.54,0.33,9.38,24.73,0
2025-08-22 17:17:00,17,22,8,4,60,20,p2,27,89,1001,7.46,244,2,116.63,0.0,0.11,50.17,0.35,10.43,28.6,0
2025-08-22 18:17:00,18,22,8,4,58,19,p2,27,89,1001,7.77,250,2,111.04,0.0,0.11,49.09,0.35,11.43,31.32,0
2025-08-22 19:17:00,19,22,8,4,57,18,p2,27,89,1001,8.06,255,2,107.27,0.0,0.1,47.99,0.36,12.33,33.89,0
2025-08-22 20:17:00,20,22,8,4,59,19,p2,27,88,1000,8.44,257,2,105.93,0.0,0.1,47.07,0.36,12.9,35.1,0
2025-08-22 21:17:00,21,22,8,4,71,29,p2,27,88,1000,8.54,259,2,105.75,0.0,0.11,46.3,0.35,13.13,34.85,0
2025-08-22 22:17:00,22,22,8,4,56,17,p2,27,88,999,8.9,262,2,105.77,0.0,0.11,45.43,0.34,13.05,33.19,0
2025-08-22 23:17:00,23,22,8,4,56,17,p2,27,88,999,8.72,262,2,105.52,0.0,0.11,44.36,0.34,13.0,31.98,0
2025-08-23 00:17:00,0,23,8,5,59,19,p2,27,88,1000,8.67,263,2,103.62,0.0,0.11,43.45,0.34,13.09,31.7,0
2025-08-23 01:17:00,1,23,8,5,55,16,p2,27,88,1000,8.89,265,2,101.42,0.0,0.11,42.58,0.35,13.39,33.56,0
2025-08-23 02:17:00,2,23,8,5,60,20,p2,27,88,1001,8.34,262,2,99.43,0.0,0.11,42.18,0.35,13.68,35.57,0
2025-08-23 03:17:00,3,23,8,5,62,21,p2,27,85,1001,8.09,259,2,98.28,0.01,0.1,42.31,0.34,13.74,36.28,0
2025-08-23 04:17:00,4,23,8,5,61,21,p2,27,83,1001,8.42,262,2,98.69,0.01,0.08,42.97,0.33,13.37,35.93,0
2025-08-23 05:17:00,5,23,8,5,70,28,p2,28,82,1001,8.58,265,2,99.82,0.01,0.07,43.59,0.32,12.97,35.82,0
2025-08-23 06:17:00,6,23,8,5,61,21,p2,28,81,1001,8.33,268,2,100.34,0.01,0.06,43.53,0.32,13.1,37.39,0
2025-08-23 07:17:00,7,23,8,5,71,29,p2,29,78,1000,8.37,263,2,99.36,0.01,0.05,42.75,0.32,13.79,40.57,0
2025-08-23 08:17:00,8,23,8,5,64,23,p2,29,78,1000,8.17,260,2,96.76,0.01,0.05,41.24,0.34,14.89,45.35,0
2025-08-23 09:17:00,9,23,8,5,65,24,p2,29,77,999,8.02,258,3,93.2,0.01,0.05,39.61,0.37,16.07,50.66,0
2025-08-23 10:17:00,10,23,8,5,68,26,p2,29,77,999,8.63,257,3,89.79,0.01,0.06,38.38,0.4,17.13,56.32,0
2025-08-23 11:17:00,11,23,8,5,61,21,p2,28,79,999,8.77,257,3,87.96,0.01,0.06,37.75,0.42,17.59,60.54,0
2025-08-23 12:17:00,12,23,8,5,63,22,p2,28,81,999,8.91,250,3,88.5,0.01,0.07,37.71,0.43,17.35,61.34,0
2025-08-23 13:17:00,13,23,8,5,59,19,p2,28,81,999,8.52,246,3,90.42,0.01,0.09,38.06,0.42,16.76,57.54,0
2025-08-23 14:17:00,14,23,8,5,64,23,p2,28,83,1000,8.19,242,3,92.28,0.0,0.11,38.32,0.42,16.38,54.63,0
2025-08-23 15:17:00,15,23,8,5,64,23,p2,27,85,1000,8.26,244,3,93.52,0.0,0.11,38.34,0.47,18.17,72.09,0
2025-08-23 17:17:00,17,23,8,5,67,25,p2,27,85,1001,7.68,244,3,99.27,0.0,0.11,38.88,0.47,17.58,74.78,0
2025-08-23 18:17:00,18,23,8,5,76,32,p2,27,84,1001,7.58,248,3,101.61,0.0,0.11,39.13,0.48,17.55,75.12,0
2025-08-23 19:17:00,19,23,8,5,76,32,p2,27,84,1001,7.77,254,3,103.11,0.0,0.11,39.4,0.47,17.29,73.58,0
2025-08-23 20:17:00,20,23,8,5,65,24,p2,27,84,1001,7.86,256,3,103.66,0.0,0.12,39.69,0.47,16.89,71.03,0
2025-08-23 21:17:00,21,23,8,5,54,15,p2,27,84,1000,7.56,259,3,103.49,0.0,0.12,40.07,0.46,16.98,71.26,0
2025-08-23 22:17:00,22,23,8,5,53,15,p2,27,86,1000,7.66,260,3,102.44,0.0,0.12,40.28,0.47,17.48,73.21,0
2025-08-23 23:17:00,23,23,8,5,39,10,p2,27,86,1000,7.9,262,3,100.56,0.0,0.12,40.17,0.48,18.04,75.29,0
2025-08-24 00:17:00,0,24,8,6,38,10,p2,27,86,1000,7.37,267,3,98.62,0.0,0.12,40.13,0.48,18.09,73.48,0
2025-08-24 01:17:00,1,24,8,6,52,14,p2,27,86,1000,7.05,267,3,97.02,0.0,0.12,40.12,0.47,17.92,70.65,0
2025-08-24 02:17:00,2,24,8,6,50,13,p2,27,85,1001,6.93,264,3,95.69,0.0,0.12,40.13,0.48,17.98,71.31,0
2025-08-24 03:17:00,3,24,8,6,64,23,p2,28,83,1001,7.05,259,3,95.14,0.0,0.11,40.37,0.49,18.15,73.75,0
2025-08-24 04:17:00,4,24,8,6,62,22,p2,28,82,1002,7.76,260,3,95.27,0.01,0.11,40.68,0.5,18.34,78.1,0
2025-08-24 05:17:00,5,24,8,6,69,27,p2,28,80,1002,7.61,259,3,94.97,0.01,0.1,40.99,0.52,18.92,85.07,0
2025-08-24 06:17:00,6,24,8,6,64,23,p2,28,78,1002,7.87,260,3,95.82,0.01,0.08,41.15,0.51,18.84,85.97,0
2025-08-24 07:17:00,7,24,8,6,63,23,p2,29,77,1001,8.32,259,3,95.79,0.01,0.07,41.02,0.51,18.95,86.16,0
2025-08-24 08:17:00,8,24,8,6,66,24,p2,29,76,1001,8.19,255,3,95.61,0.01,0.06,40.7,0.5,18.89,85.28,0
2025-08-24 09:17:00,9,24,8,6,62,21,p2,29,77,1000,8.26,256,3,95.46,0.01,0.06,40.41,0.5,18.82,84.75,0
2025-08-24 10:17:00,10,24,8,6,64,23,p2,29,77,1000,8.38,257,3,93.89,0.01,0.06,40.17,0.52,19.27,88.6,0
2025-08-24 11:17:00,11,24,8,6,64,23,p2,28,78,1000,7.79,256,3,94.71,0.01,0.06,39.98,0.5,19.07,88.98,0
2025-08-24 12:17:00,12,24,8,6,59,19,p2,28,80,1000,7.72,257,3,93.2,0.01,0.07,39.81,0.51,19.02,89.36,0
2025-08-24 13:17:00,13,24,8,6,59,19,p2,28,80,1000,7.99,258,3,91.94,0.01,0.09,39.69,0.51,18.92,89.29,0
2025-08-24 14:17:00,14,24,8,6,58,18,p2,28,82,1000,7.88,252,3,90.39,0.0,0.1,39.53,0.51,18.85,88.98,0
2025-08-24 15:17:00,15,24,8,6,60,20,p2,28,83,1000,7.81,246,3,85.29,0.0,0.11,38.79,0.55,20.28,90.62,0
2025-08-24 16:17:00,16,24,8,6,64,23,p2,27,86,1002,7.74,250,3,85.69,0.0,0.12,38.49,0.56,20.46,94.07,0
2025-08-24 17:17:00,17,24,8,6,70,28,p2,27,86,1002,7.73,253,3,86.87,0.0,0.12,38.43,0.56,20.66,96.82,0
2025-08-24 18:17:00,18,24,8,6,69,27,p2,27,86,1002,6.89,254,3,88.48,0.0,0.12,38.38,0.56,20.73,97.56,0
2025-08-24 19:17:00,19,24,8,6,66,24,p2,27,85,1003,7.31,247,3,89.67,0.0,0.12,38.38,0.55,20.49,95.46,0
2025-08-24 20:17:00,20,24,8,6,68,26,p2,27,83,1002,7.14,247,3,89.83,0.0,0.12,38.42,0.54,20.15,92.49,0
2025-08-24 21:17:00,21,24,8,6,62,22,p2,27,85,1002,7.12,254,3,89.07,0.0,0.12,38.47,0.52,19.95,89.93,0
2025-08-24 22:17:00,22,24,8,6,81,36,p2,27,86,1001,6.83,263,3,87.64,0.0,0.12,38.48,0.51,20.06,90.83,0
2025-08-24 23:17:00,23,24,8,6,59,19,p2,27,86,1001,6.58,266,3,85.77,0.0,0.12,38.28,0.51,20.38,93.02,0
2025-08-25 00:17:00,0,25,8,0,64,23,p2,27,85,1001,6.1,266,3,84.55,0.0,0.12,38.31,0.51,20.51,94.04,0
2025-08-25 01:17:00,1,25,8,0,66,24,p2,27,83,1001,5.79,271,3,84.29,0.0,0.12,38.58,0.5,20.53,94.04,0
2025-08-25 08:17:00,8,25,8,0,78,34,p2,29,75,1001,5.94,247,3,84.24,0.01,0.07,38.44,0.44,19.25,96.24,0
2025-08-25 14:17:00,14,25,8,0,65,24,p2,27,83,1001,5.96,248,3,82.33,0.0,0.12,36.77,0.46,19.65,95.82,0
2025-08-25 15:17:00,15,25,8,0,72,29,p2,27,83,1001,5.43,242,3,77.14,0.0,0.12,35.48,0.53,20.65,97.86,0
2025-08-25 16:17:00,16,25,8,0,74,30,p2,27,83,1002,5.18,235,3,77.09,0.0,0.12,35.29,0.53,20.73,98.21,0
2025-08-25 19:17:00,19,25,8,0,79,34,p2,27,82,1003,5.9,251,3,78.01,0.0,0.12,35.07,0.54,20.98,99.18,0
2025-08-25 20:17:00,20,25,8,0,76,32,p2,27,82,1002,5.2,255,3,80.1,0.0,0.12,35.41,0.51,20.78,99.48,0
2025-08-26 11:17:00,11,26,8,1,66,24,p2,28,75,1002,5.51,234,3,81.53,0.01,0.08,36.69,0.4,20.34,96.98,0
2025-08-26 14:17:00,14,26,8,1,64,23,p2,28,81,1002,4.95,240,3,83.12,0.0,0.12,36.76,0.37,18.54,72.03,0
2025-08-26 15:17:00,15,26,8,1,70,28,p2,28,83,1003,5.35,248,3,84.27,0.0,0.12,36.89,0.36,18.06,68.64,0
2025-08-26 16:17:00,16,26,8,1,77,33,p2,27,84,1004,5.4,267,3,85.49,0.0,0.11,36.91,0.36,17.83,67.66,0
2025-08-26 17:17:00,17,26,8,1,88,41,p2,27,83,1004,4.46,276,3,86.42,0.0,0.11,36.94,0.37,17.94,69.13,0
2025-08-26 19:17:00,19,26,8,1,75,31,p2,27,84,1004,4.94,249,3,89.23,0.0,0.11,37.22,0.39,18.46,72.57,0
2025-08-26 20:17:00,20,26,8,1,71,28,p2,27,85,1003,5.59,250,3,91.39,0.0,0.11,37.49,0.39,18.76,74.21,0
2025-08-27 10:17:00,10,27,8,2,72,29,p2,28,76,1002,6.09,241,3,124.53,0.01,0.05,41.62,0.23,17.68,61.25,0
2025-08-27 15:17:00,15,27,8,2,70,28,p2,27,83,1003,5.38,241,3,100.87,0.0,0.1,40.34,0.28,18.21,76.17,0
2025-08-27 16:17:00,16,27,8,2,89,42,p2,27,84,1004,5.15,246,3,98.12,0.0,0.1,40.1,0.28,17.98,77.85,0
2025-08-27 19:17:00,19,27,8,2,72,29,p2,27,84,1004,5.73,253,3,94.52,0.0,0.1,40.09,0.3,17.78,81.59,0
2025-08-27 20:17:00,20,27,8,2,66,25,p2,27,84,1004,5.93,253,3,92.32,0.0,0.1,39.89,0.32,17.69,79.61,0
2025-08-29 18:17:00,18,29,8,4,88,41,p2,27,83,1004,5.6,234,3,116.57,0.0,0.09,46.58,0.25,20.9,78.15,0
2025-08-29 19:17:00,19,29,8,4,84,38,p2,26,84,1004,5.15,246,3,113.3,0.0,0.09,46.62,0.24,21.44,81.11,0
2025-08-29 20:17:00,20,29,8,4,80,35,p2,26,84,1004,5.17,256,3,111.25,0.0,0.09,46.71,0.24,21.9,83.43,0
2025-08-30 09:17:00,9,30,8,5,90,43,p2,28,74,1004,5.77,234,3,122.37,0.01,0.04,45.64,0.14,24.34,96.35,0
2025-08-30 17:17:00,17,30,8,5,99,50,p2,27,84,1005,5.12,257,4,114.1,0.0,0.1,43.47,0.25,25.24,103.71,0
2025-08-30 18:17:00,18,30,8,5,82,36,p2,27,85,1005,4.69,258,4,104.25,0.0,0.1,42.08,0.28,24.53,103.55,0
2025-08-30 19:17:00,19,30,8,5,80,36,p2,26,83,1004,4.97,235,4,102.18,0.0,0.1,42.31,0.27,23.75,100.21,0
2025-08-30 20:17:00,20,30,8,5,86,40,p2,26,85,1004,5.25,253,3,97.88,0.0,0.1,41.89,0.28,22.98,98.13,0
2025-08-31 09:17:00,9,31,8,6,61,21,p2,28,76,1003,7.32,248,3,97.48,0.01,0.05,41.16,0.29,18.68,75.32,0
2025-08-31 10:17:00,10,31,8,6,99,50,p2,28,76,1002,7.44,250,3,95.78,0.01,0.06,40.64,0.3,18.9,75.25,0
2025-08-31 11:17:00,11,31,8,6,92,44,p2,27,77,1002,7.56,251,3,93.76,0.01,0.07,40.1,0.32,19.03,74.82,0
2025-08-31 12:17:00,12,31,8,6,61,21,p2,27,79,1001,7.46,253,3,91.8,0.01,0.08,39.6,0.33,19.01,74.09,0
2025-08-31 13:17:00,13,31,8,6,96,47,p2,27,81,1001,7.11,249,3,89.65,0.01,0.08,38.74,0.35,17.67,69.92,0
2025-08-31 14:17:00,14,31,8,6,61,21,p2,27,83,1002,7.01,245,3,87.07,0.0,0.1,37.95,0.37,17.59,70.82,0
2025-08-31 15:17:00,15,31,8,6,92,44,p2,26,84,1002,7.2,244,3,84.48,0.0,0.11,37.1,0.39,17.63,72.68,0
2025-08-31 16:17:00,16,31,8,6,62,22,p2,26,83,1003,7.44,251,3,83.05,0.0,0.11,36.59,0.41,17.6,74.11,0
2025-08-31 17:17:00,17,31,8,6,92,44,p2,26,82,1003,7.83,256,3,83.25,0.0,0.1,36.75,0.42,17.47,74.97,0
2025-08-31 18:17:00,18,31,8,6,87,41,p2,26,80,1003,7.43,259,3,84.59,0.0,0.1,37.35,0.43,17.29,75.12,0
2025-08-31 19:17:00,19,31,8,6,66,24,p2,26,81,1003,7.59,258,3,86.41,0.0,0.1,38.25,0.42,17.1,73.49,0
2025-09-01 10:17:00,10,1,9,0,97,49,p2,28,73,999,8.96,260,3,93.19,0.01,0.05,47.58,0.53,19.54,83.99,0
2025-09-01 11:17:00,11,1,9,0,78,34,p2,28,73,999,8.96,258,3,93.19,0.01,0.06,47.52,0.56,19.38,83.03,0
2025-09-01 12:17:00,12,1,9,0,96,47,p2,27,75,999,7.91,257,3,93.25,0.01,0.07,47.61,0.59,19.22,81.7,0
2025-09-01 13:17:00,13,1,9,0,63,22,p2,27,78,999,7.47,250,3,94.16,0.0,0.08,48.02,0.61,19.06,80.4,0
2025-09-01 14:17:00,14,1,9,0,105,53,p2,26,80,999,7.54,248,3,95.03,0.0,0.09,47.88,0.59,18.06,75.5,0
2025-09-01 15:17:00,15,1,9,0,116,58,p2,26,82,1000,7.49,246,3,95.84,0.0,0.09,48.18,0.61,18.24,75.51,0
2025-09-01 16:17:00,16,1,9,0,69,26,p2,26,83,1001,7.71,251,3,96.58,0.0,0.09,48.44,0.62,18.4,75.53,0
2025-09-01 17:17:00,17,1,9,0,89,42,p2,26,83,1001,7.74,252,3,97.56,0.0,0.09,48.84,0.63,18.7,76.4,0
2025-09-01 18:17:00,18,1,9,0,77,33,p2,26,83,1001,7.67,253,3,98.42,0.0,0.09,49.31,0.65,19.18,78.51,0
