datetime,hour,day,month,weekday,aqi_us,aqi_cn,main_pollutant,temp,humidity,pressure,wind_speed,wind_direction,openweather_aqi,co,no,no2,o3,so2,pm2_5,pm10,nh3
2025-07-15 11:17:00,11,15,7,1,64,23,p2,29,77,998,6.98,257,4,78.71,0.01,0.06,43.26,0.45,25.15,114.93,0
2025-07-15 12:17:00,12,15,7,1,67,25,p2,29,76,998,6.17,242,4,77.09,0.01,0.07,42.99,0.47,24.94,113.9,0
2025-07-15 13:17:00,13,15,7,1,66,24,p2,29,77,998,6.28,239,4,77.72,0.01,0.07,42.57,0.41,23.23,105.35,0
2025-07-15 14:17:00,14,15,7,1,66,25,p2,28,78,999,6.14,242,4,76.73,0.0,0.09,42.36,0.43,23.15,105.42,0
2025-07-15 16:17:00,16,15,7,1,64,23,p2,28,79,1000,7.09,241,4,76.89,0.0,0.09,43.13,0.45,23.34,106.05,0
2025-07-15 17:17:00,17,15,7,1,75,31,p2,28,78,1001,6.75,246,4,77.95,0.0,0.09,43.81,0.45,23.72,107.12,0
2025-07-15 18:17:00,18,15,7,1,75,32,p2,28,79,1001,6.67,247,4,78.89,0.0,0.09,44.1,0.46,24.3,108.86,0
2025-07-15 19:17:00,19,15,7,1,74,31,p2,28,79,1001,6.19,250,4,79.22,0.0,0.09,43.92,0.47,24.97,110.81,0
2025-07-15 20:17:00,20,15,7,1,65,24,p2,28,79,1001,5.63,251,4,79.27,0.0,0.09,43.65,0.47,25.81,113.47,0
2025-07-15 21:17:00,21,15,7,1,68,26,p2,28,77,1000,5.59,257,4,79.27,0.0,0.1,43.4,0.47,26.68,116.94,0
2025-07-15 22:17:00,22,15,7,1,66,25,p2,28,76,1000,6.31,260,4,79.64,0.0,0.09,43.42,0.46,27.63,120.91,0
2025-07-15 23:17:00,23,15,7,1,64,23,p2,28,76,1000,6.83,267,4,79.76,0.0,0.09,43.37,0.45,28.47,124.65,0
2025-07-16 01:17:00,1,16,7,2,71,29,p2,28,76,1000,5.72,263,4,78.25,0.0,0.1,42.45,0.45,29.95,130.68,0
2025-07-16 02:17:00,2,16,7,2,67,26,p2,28,77,1001,5.68,262,4,77.34,0.0,0.1,41.99,0.44,30.5,132.9,0
2025-07-16 03:17:00,3,16,7,2,78,34,p2,28,76,1001,5.39,263,4,76.72,0.01,0.1,41.8,0.44,30.85,134.43,0
2025-07-16 04:17:00,4,16,7,2,64,23,p2,28,76,1001,5.11,255,4,76.33,0.01,0.08,41.89,0.42,30.95,135.05,0
2025-07-16 05:17:00,5,16,7,2,71,28,p2,29,75,1001,5.33,242,4,76.3,0.01,0.07,42.08,0.41,30.88,134.83,0
2025-07-16 06:17:00,6,16,7,2,64,23,p2,29,74,1001,5.73,237,4,76.38,0.01,0.06,42.09,0.4,30.56,133.21,0
2025-07-16 07:17:00,7,16,7,2,66,24,p2,29,74,1001,6.06,234,4,75.88,0.01,0.05,41.38,0.41,29.92,129.72,0
2025-07-16 08:17:00,8,16,7,2,69,27,p2,29,72,1001,6.48,228,4,76.19,0.01,0.05,40.92,0.4,29.35,128.58,0
2025-07-16 09:17:00,9,16,7,2,73,30,p2,29,72,1000,6.87,226,4,75.64,0.01,0.05,39.95,0.4,28.66,125.77,0
2025-07-16 10:17:00,10,16,7,2,67,25,p2,29,72,1000,6.97,225,4,75.09,0.01,0.05,39.26,0.41,28.02,123.44,0
2025-07-16 11:17:00,11,16,7,2,59,19,p2,29,73,999,6.9,230,4,74.6,0.01,0.05,38.92,0.41,27.31,121.1,0
2025-07-16 12:17:00,12,16,7,2,68,26,p2,29,74,999,6.38,235,4,74.75,0.01,0.06,39.16,0.42,26.68,119.4,0
2025-07-16 13:17:00,13,16,7,2,69,26,p2,29,75,999,6.49,234,4,74.32,0.01,0.06,38.2,0.4,24.89,109.89,0
2025-07-16 14:17:00,14,16,7,2,61,21,p2,29,74,1000,6.49,236,4,74.83,0.0,0.07,38.8,0.4,24.58,109.19,0
2025-07-16 15:17:00,15,16,7,2,66,24,p2,28,75,1000,6.28,236,4,75.26,0.0,0.08,39.37,0.41,24.55,109.32,0
2025-07-16 16:17:00,16,16,7,2,70,28,p2,28,76,1001,6.09,240,4,75.55,0.0,0.08,39.83,0.42,24.73,110.21,0
2025-07-16 17:17:00,17,16,7,2,77,33,p2,28,74,1001,5.31,250,4,76.03,0.0,0.08,40.33,0.42,25.04,111.52,0
2025-07-16 18:17:00,18,16,7,2,76,32,p2,28,75,1002,5.2,237,4,76.51,0.0,0.08,40.87,0.42,25.46,113.56,0
2025-07-16 19:17:00,19,16,7,2,74,31,p2,28,71,1001,5.76,241,4,77.09,0.0,0.08,41.55,0.41,25.98,115.48,0
2025-07-16 20:17:00,20,16,7,2,74,30,p2,28,72,1001,5.14,247,4,77.76,0.0,0.08,42.24,0.41,26.65,117.45,0
2025-07-16 21:17:00,21,16,7,2,65,24,p2,28,74,1000,5.24,246,4,78.12,0.0,0.08,42.77,0.42,27.38,118.99,0
2025-07-16 22:17:00,22,16,7,2,68,26,p2,28,75,1000,5.82,246,4,78.31,0.0,0.09,42.92,0.43,28.11,119.44,0
2025-07-16 23:17:00,23,16,7,2,68,26,p2,28,76,1000,5.53,250,4,78.15,0.0,0.09,42.73,0.44,28.88,120.59,0
2025-07-17 00:17:00,0,17,7,3,66,24,p2,28,77,1000,4.59,249,4,77.75,0.0,0.09,42.46,0.45,29.64,122.59,0
2025-07-17 01:17:00,1,17,7,3,66,24,p2,28,73,1001,4.22,248,4,77.55,0.0,0.09,42.39,0.45,30.37,126.75,0
2025-07-17 02:17:00,2,17,7,3,66,24,p2,28,74,1002,4.41,244,4,77.55,0.0,0.1,42.62,0.45,30.94,131.06,0
2025-07-17 03:17:00,3,17,7,3,61,21,p2,28,74,1003,5.05,236,4,77.77,0.0,0.11,43.24,0.45,31.61,134.71,0
2025-07-17 04:17:00,4,17,7,3,68,26,p2,28,73,1003,4.75,231,4,77.53,0.01,0.1,43.25,0.44,31.02,133.99,0
2025-07-17 05:17:00,5,17,7,3,67,25,p2,28,72,1003,4.67,230,4,77.53,0.01,0.09,43.47,0.43,30.5,132.8,0
2025-07-17 06:17:00,6,17,7,3,65,24,p2,29,71,1003,5.19,220,4,77.43,0.01,0.08,43.54,0.42,29.87,131.2,0
2025-07-17 07:17:00,7,17,7,3,79,34,p2,29,71,1002,5.3,224,4,77.17,0.01,0.07,43.3,0.41,29.11,129.0,0
2025-07-17 08:17:00,8,17,7,3,69,27,p2,29,71,1002,5.39,228,4,76.59,0.01,0.07,42.56,0.41,28.37,127.05,0
2025-07-17 09:17:00,9,17,7,3,78,34,p2,29,70,1002,5.02,221,4,75.87,0.01,0.06,41.47,0.41,27.54,124.69,0
2025-07-17 10:17:00,10,17,7,3,70,28,p2,30,71,1001,5.63,225,4,75.33,0.01,0.06,40.43,0.41,26.77,122.2,0
2025-07-17 11:17:00,11,17,7,3,71,29,p2,30,71,1001,6.12,225,4,75.38,0.01,0.06,39.93,0.41,25.94,119.54,0
2025-07-17 12:17:00,12,17,7,3,64,23,p2,29,72,1000,5.9,233,4,75.18,0.01,0.07,39.27,0.4,25.12,116.59,0
2025-07-17 13:17:00,13,17,7,3,66,24,p2,29,74,1001,5.88,234,4,76.68,0.0,0.07,40.17,0.36,23.77,110.32,0
2025-07-17 14:17:00,14,17,7,3,63,22,p2,29,77,1001,5.68,233,4,77.26,0.0,0.08,40.42,0.35,23.06,107.04,0
2025-07-17 15:17:00,15,17,7,3,64,23,p2,28,78,1002,5.99,233,4,77.71,0.0,0.08,40.65,0.34,22.46,104.31,0
2025-07-17 16:17:00,16,17,7,3,66,25,p2,28,78,1002,5.51,238,4,77.94,0.0,0.08,40.74,0.33,21.95,101.99,0
2025-07-17 17:17:00,17,17,7,3,65,24,p2,28,77,1003,6.08,231,4,78.13,0.0,0.08,40.9,0.33,21.59,100.38,0
2025-07-17 18:17:00,18,17,7,3,68,26,p2,28,77,1003,5.69,229,3,78.54,0.0,0.08,41.14,0.34,21.3,98.97,0
2025-07-17 19:17:00,19,17,7,3,73,30,p2,28,77,1003,5.43,241,3,78.88,0.0,0.07,41.49,0.34,20.89,96.81,0
2025-07-17 20:17:00,20,17,7,3,72,29,p2,28,77,1002,5.67,252,3,79.48,0.0,0.07,42.11,0.33,20.56,94.67,0
2025-07-17 21:17:00,21,17,7,3,65,24,p2,28,77,1002,5.68,251,3,79.88,0.0,0.07,42.53,0.33,20.61,94.4,0
2025-07-17 22:17:00,22,17,7,3,66,24,p2,28,76,1002,5.31,254,3,79.87,0.0,0.07,42.63,0.33,21.2,96.67,0
2025-07-17 23:17:00,23,17,7,3,67,26,p2,28,76,1001,5.14,249,4,80.06,0.0,0.07,42.6,0.34,22.09,100.16,0
2025-07-18 00:17:00,0,18,7,4,72,29,p2,28,76,1002,5.26,250,4,80.12,0.0,0.07,42.61,0.34,22.86,102.95,0
2025-07-18 01:17:00,1,18,7,4,71,29,p2,28,76,1002,5.62,252,4,80.29,0.0,0.07,42.83,0.32,23.1,103.38,0
2025-07-18 02:17:00,2,18,7,4,69,27,p2,28,76,1003,5.44,252,4,80.79,0.0,0.07,43.33,0.31,23.06,102.41,0
2025-07-18 03:17:00,3,18,7,4,68,26,p2,28,74,1003,5.77,251,4,81.15,0.0,0.08,43.92,0.29,22.93,100.88,0
2025-07-18 04:17:00,4,18,7,4,68,26,p2,28,73,1004,5.8,259,3,81.17,0.01,0.07,44.18,0.28,22.68,99.03,0
2025-07-18 05:17:00,5,18,7,4,66,24,p2,29,71,1004,5.02,252,3,81.14,0.01,0.06,44.12,0.26,22.55,97.75,0
2025-07-18 07:17:00,7,18,7,4,82,36,p2,30,68,1003,5.41,249,3,80.6,0.01,0.05,42.7,0.24,22.43,95.91,0
2025-07-18 08:17:00,8,18,7,4,71,28,p2,30,67,1002,5.63,245,3,79.97,0.01,0.04,41.58,0.23,22.26,94.67,0
2025-07-18 09:17:00,9,18,7,4,63,22,p2,30,68,1002,5.66,246,3,79.32,0.01,0.04,40.56,0.23,22.02,93.4,0
2025-07-18 10:17:00,10,18,7,4,70,27,p2,30,69,1001,5.77,243,3,78.94,0.01,0.05,39.84,0.22,21.81,92.37,0
2025-07-18 11:17:00,11,18,7,4,73,30,p2,30,69,1001,5.75,242,3,78.18,0.01,0.05,39.27,0.23,21.55,91.54,0
2025-07-18 12:17:00,12,18,7,4,68,26,p2,29,71,1001,5.8,238,3,76.6,0.01,0.06,38.74,0.26,22.42,96.0,0
2025-07-18 13:17:00,13,18,7,4,84,39,p2,29,73,1001,6.37,233,3,77.17,0.0,0.07,38.76,0.23,20.36,81.73,0
2025-07-18 14:17:00,14,18,7,4,64,23,p2,29,76,1001,5.82,229,3,77.41,0.0,0.08,39.66,0.25,20.86,87.0,0
2025-07-18 15:17:00,15,18,7,4,68,26,p2,29,77,1002,5.03,236,3,77.38,0.0,0.09,39.58,0.24,19.66,81.89,0
2025-07-18 16:17:00,16,18,7,4,62,22,p2,28,79,1002,5.17,249,3,77.6,0.0,0.09,40.19,0.24,19.42,81.99,0
2025-07-18 17:17:00,17,18,7,4,66,24,p2,28,80,1002,5.64,235,3,77.97,0.0,0.09,40.83,0.26,19.48,82.86,0
2025-07-18 18:17:00,18,18,7,4,67,25,p2,28,81,1002,6.28,226,3,78.26,0.0,0.09,41.41,0.27,19.75,84.11,0
2025-07-18 19:17:00,19,18,7,4,68,26,p2,28,81,1002,6.08,242,3,78.62,0.0,0.09,41.88,0.28,19.92,84.5,0
2025-07-18 20:17:00,20,18,7,4,70,28,p2,28,81,1001,6.26,257,3,79.32,0.0,0.09,42.39,0.29,19.98,84.04,0
2025-07-18 21:17:00,21,18,7,4,67,25,p2,28,82,1000,6.62,267,3,80.02,0.0,0.08,42.79,0.3,20.14,83.93,0
2025-07-18 22:17:00,22,18,7,4,65,24,p2,28,82,1000,6.95,271,3,80.51,0.0,0.09,43.01,0.33,21.08,86.03,0
2025-07-18 23:17:00,23,18,7,4,67,25,p2,28,83,1000,7.14,271,3,80.7,0.0,0.08,43.18,0.31,20.05,76.55,0
2025-07-19 00:17:00,0,19,7,5,68,26,p2,28,82,1000,7.2,271,3,80.81,0.0,0.08,43.27,0.31,20.02,74.56,0
2025-07-19 01:17:00,1,19,7,5,63,22,p2,28,83,1000,7.32,273,3,81.19,0.0,0.08,43.4,0.31,19.9,74.98,0
2025-07-19 02:17:00,2,19,7,5,67,25,p2,28,82,1000,7.81,276,3,81.54,0.0,0.08,43.62,0.31,19.67,74.69,0
2025-07-19 03:17:00,3,19,7,5,63,23,p2,28,81,1001,7.83,275,3,81.95,0.0,0.09,43.9,0.3,19.43,73.18,0
2025-07-19 04:17:00,4,19,7,5,69,27,p2,28,79,1000,7.62,270,3,81.77,0.01,0.08,43.93,0.3,19.41,73.0,0
2025-07-19 05:17:00,5,19,7,5,63,22,p2,29,78,1000,7.13,263,3,81.11,0.01,0.07,43.5,0.3,20.02,76.17,0
2025-07-19 06:17:00,6,19,7,5,69,27,p2,29,77,1000,6.81,260,3,80.0,0.01,0.07,42.75,0.31,21.06,81.46,0
2025-07-19 07:17:00,7,19,7,5,82,37,p2,29,78,999,7.76,262,3,78.81,0.01,0.06,41.96,0.33,22.16,87.24,0
2025-07-19 08:17:00,8,19,7,5,69,27,p2,29,77,998,7.49,261,3,77.54,0.01,0.06,41.29,0.34,22.91,91.6,0
2025-07-19 09:17:00,9,19,7,5,75,31,p2,29,75,998,7.59,259,3,76.74,0.01,0.06,40.73,0.34,23.32,94.59,0
2025-07-19 10:17:00,10,19,7,5,79,34,p2,29,75,997,7.94,254,4,76.58,0.01,0.06,40.85,0.36,24.45,101.35,0
2025-07-19 11:17:00,11,19,7,5,67,25,p2,29,75,997,7.76,245,3,76.56,0.01,0.07,40.5,0.36,23.34,97.14,0
2025-07-19 12:17:00,12,19,7,5,62,22,p2,29,77,997,7.93,244,3,76.72,0.01,0.08,40.59,0.37,22.83,96.61,0
2025-07-19 13:17:00,13,19,7,5,69,27,p2,28,80,997,8.35,236,3,78.63,0.0,0.08,40.54,0.32,21.01,78.36,0
2025-07-19 14:17:00,14,19,7,5,65,24,p2,28,81,997,8.29,235,3,80.06,0.0,0.08,41.32,0.32,19.8,74.52,0
2025-07-19 15:17:00,15,19,7,5,70,27,p2,28,81,998,6.77,228,3,81.72,0.0,0.09,42.05,0.33,18.26,70.16,0
2025-07-19 16:17:00,16,19,7,5,69,27,p2,28,82,998,6.62,218,3,83.79,0.0,0.09,42.72,0.33,16.54,65.3,0
2025-07-19 17:17:00,17,19,7,5,75,31,p2,28,82,998,7.55,252,3,85.9,0.0,0.08,43.27,0.34,15.03,60.86,0
2025-07-19 18:17:00,18,19,7,5,83,38,p2,28,82,999,7.1,251,3,87.79,0.0,0.09,43.47,0.36,14.44,59.52,0
2025-07-19 19:17:00,19,19,7,5,78,33,p2,28,82,999,6.34,262,3,89.22,0.0,0.09,43.34,0.38,14.35,57.75,0
2025-07-19 20:17:00,20,19,7,5,74,31,p2,28,81,998,5.77,268,3,90.28,0.0,0.09,43.17,0.38,14.65,57.97,0
2025-07-19 21:17:00,21,19,7,5,71,28,p2,28,81,997,6.78,256,3,90.71,0.0,0.1,42.98,0.38,14.83,58.93,0
2025-07-19 22:17:00,22,19,7,5,67,25,p2,28,82,997,7.78,272,3,90.22,0.0,0.1,42.78,0.37,14.84,60.3,0
2025-07-19 23:17:00,23,19,7,5,64,23,p2,28,81,997,7.36,268,3,88.53,0.0,0.1,42.19,0.37,14.94,62.31,0
2025-07-20 00:17:00,0,20,7,6,64,23,p2,28,81,998,6.75,273,3,85.95,0.0,0.1,41.11,0.37,15.39,64.95,0
2025-07-20 01:17:00,1,20,7,6,64,23,p2,28,82,998,7.21,284,3,83.73,0.0,0.1,40.19,0.38,15.83,67.64,0
2025-07-20 02:17:00,2,20,7,6,60,20,p2,28,82,998,8.0,285,3,82.51,0.0,0.11,39.81,0.37,15.91,67.49,0
2025-07-20 03:17:00,3,20,7,6,60,20,p2,28,82,998,8.02,282,3,81.98,0.0,0.11,39.96,0.36,15.78,64.85,0
2025-07-20 04:17:00,4,20,7,6,62,22,p2,28,80,999,5.26,282,3,81.64,0.0,0.11,40.39,0.34,15.72,62.59,0
2025-07-20 05:17:00,5,20,7,6,70,28,p2,28,78,999,4.13,284,3,81.2,0.01,0.09,40.88,0.34,16.29,64.39,0
2025-07-20 06:17:00,6,20,7,6,65,24,p2,28,79,999,4.23,265,3,80.27,0.01,0.08,41.11,0.35,17.59,71.05,0
2025-07-20 07:17:00,7,20,7,6,64,23,p2,28,79,998,4.51,264,3,78.78,0.01,0.07,41.1,0.36,19.44,81.55,0
2025-07-20 08:17:00,8,20,7,6,65,24,p2,28,79,998,3.93,259,3,77.15,0.01,0.06,40.88,0.37,21.2,92.05,0
2025-07-20 09:17:00,9,20,7,6,60,20,p2,28,79,997,4.29,270,3,76.25,0.01,0.06,40.86,0.37,22.38,98.34,0
2025-07-20 10:17:00,10,20,7,6,65,24,p2,28,78,997,3.91,277,4,76.28,0.01,0.05,41.39,0.36,23.17,102.29,0
2025-07-20 11:17:00,11,20,7,6,66,25,p2,28,79,997,4.8,259,4,76.77,0.01,0.05,42.46,0.35,23.45,102.91,0
2025-07-20 12:17:00,12,20,7,6,63,22,p2,28,80,997,4.5,261,4,78.22,0.01,0.06,44.89,0.33,23.34,100.54,0
2025-07-20 13:17:00,13,20,7,6,62,21,p2,28,81,997,4.62,254,4,76.52,0.01,0.08,44.73,0.36,23.35,102.62,0
2025-07-20 14:17:00,14,20,7,6,62,21,p2,28,82,997,4.88,250,4,75.49,0.0,0.09,45.21,0.37,22.81,101.79,0
2025-07-20 15:17:00,15,20,7,6,64,23,p2,28,83,998,5.15,235,3,74.75,0.0,0.1,45.66,0.38,22.34,99.89,0
2025-07-20 16:17:00,16,20,7,6,71,28,p2,28,85,998,5.67,241,3,74.78,0.0,0.1,46.2,0.38,22.01,98.01,0
2025-07-20 18:17:00,18,20,7,6,73,30,p2,28,85,999,5.73,242,3,76.28,0.0,0.09,47.73,0.39,22.51,99.96,0
2025-07-20 19:17:00,19,20,7,6,71,29,p2,28,84,998,5.73,252,4,76.74,0.0,0.09,48.2,0.39,23.21,104.2,0
2025-07-20 20:17:00,20,20,7,6,73,30,p2,28,84,998,5.72,255,4,77.21,0.0,0.09,48.44,0.39,24.14,110.2,0
2025-07-20 21:17:00,21,20,7,6,70,28,p2,28,84,998,5.76,259,4,77.05,0.0,0.09,48.24,0.39,25.55,118.84,0
2025-07-20 22:17:00,22,20,7,6,65,24,p2,28,84,998,5.52,256,4,76.55,0.0,0.09,47.87,0.39,27.11,126.81,0
2025-07-20 23:17:00,23,20,7,6,67,26,p2,28,84,998,5.5,256,4,75.68,0.0,0.09,47.42,0.39,28.22,130.25,0
2025-07-21 00:17:00,0,21,7,0,70,27,p2,27,85,998,5.64,257,4,74.75,0.0,0.09,47.09,0.38,28.55,129.04,0
2025-07-21 01:17:00,1,21,7,0,69,27,p2,28,86,999,5.63,259,4,74.11,0.0,0.09,47.0,0.37,27.86,120.69,0
2025-07-21 02:17:00,2,21,7,0,61,21,p2,28,84,1000,5.48,257,4,73.59,0.0,0.09,47.08,0.36,26.97,110.28,0
2025-07-21 03:17:00,3,21,7,0,67,25,p2,28,81,1000,5.87,258,4,73.06,0.0,0.09,47.13,0.35,26.3,103.03,0
2025-07-21 04:17:00,4,21,7,0,70,28,p2,29,79,1000,5.83,251,3,72.49,0.01,0.08,47.26,0.34,25.49,96.56,0
2025-07-21 05:17:00,5,21,7,0,70,27,p2,29,77,1000,6.22,245,3,72.19,0.01,0.07,47.48,0.35,25.38,96.75,0
2025-07-21 06:17:00,6,21,7,0,67,25,p2,29,77,1000,5.59,242,3,72.45,0.01,0.06,47.55,0.32,23.95,90.24,0
2025-07-21 07:17:00,7,21,7,0,67,25,p2,29,77,999,6.45,243,3,72.32,0.01,0.05,47.38,0.33,24.49,99.71,0
2025-07-21 08:17:00,8,21,7,0,71,29,p2,29,77,999,6.52,246,3,72.37,0.01,0.04,46.78,0.32,23.51,97.67,0
2025-07-21 09:17:00,9,21,7,0,71,28,p2,29,77,999,6.68,251,3,72.24,0.01,0.04,46.14,0.32,23.25,99.97,0
2025-07-21 10:17:00,10,21,7,0,71,28,p2,29,77,999,6.49,249,4,72.17,0.01,0.04,45.68,0.32,23.07,102.44,0
2025-07-21 11:17:00,11,21,7,0,77,33,p2,29,78,999,6.29,250,4,71.91,0.01,0.04,45.36,0.33,22.92,104.02,0
2025-07-21 12:17:00,12,21,7,0,73,30,p2,29,79,999,6.01,248,4,71.3,0.01,0.05,45.32,0.33,22.69,103.99,0
2025-07-21 13:17:00,13,21,7,0,76,32,p2,29,79,999,6.04,238,4,71.11,0.0,0.06,45.59,0.34,22.3,100.97,0
2025-07-21 14:17:00,14,21,7,0,71,29,p2,28,81,999,6.38,237,3,71.0,0.0,0.07,46.06,0.34,21.8,97.27,0
2025-07-21 15:17:00,15,21,7,0,69,27,p2,28,82,1000,6.34,232,3,74.47,0.0,0.07,48.41,0.27,17.9,71.11,0
2025-07-21 16:17:00,16,21,7,0,67,25,p2,28,82,1001,5.96,241,3,74.34,0.0,0.07,48.66,0.28,18.03,74.06,0
2025-07-21 17:17:00,17,21,7,0,91,44,p2,28,81,1001,5.32,251,3,74.36,0.0,0.07,49.11,0.29,17.86,74.93,0
2025-07-21 18:17:00,18,21,7,0,78,34,p2,28,80,1001,4.29,262,3,74.58,0.0,0.07,49.74,0.29,17.64,74.52,0
2025-07-21 19:17:00,19,21,7,0,79,34,p2,28,80,1001,4.57,264,3,74.64,0.0,0.07,50.23,0.3,17.51,73.79,0
2025-07-21 20:17:00,20,21,7,0,79,34,p2,28,80,1001,4.54,261,3,74.68,0.0,0.07,50.7,0.31,17.61,73.73,0
2025-07-21 21:17:00,21,21,7,0,68,26,p2,28,80,1000,4.56,254,3,74.63,0.0,0.07,51.04,0.32,17.71,73.97,0
2025-07-21 22:17:00,22,21,7,0,64,23,p2,28,80,1000,4.64,261,3,74.58,0.0,0.07,51.18,0.31,17.66,74.24,0
2025-07-21 23:17:00,23,21,7,0,63,23,p2,28,80,1000,5.04,269,3,74.42,0.0,0.07,51.26,0.31,17.51,74.97,0
2025-07-22 01:17:00,1,22,7,1,60,20,p2,28,81,1001,4.9,275,3,73.93,0.0,0.07,51.13,0.3,17.09,76.38,0
2025-07-22 02:17:00,2,22,7,1,61,20,p2,28,80,1001,5.2,263,3,73.66,0.0,0.08,51.14,0.3,16.98,75.78,0
2025-07-22 03:17:00,3,22,7,1,64,23,p2,28,79,1001,5.17,253,3,73.36,0.01,0.07,51.1,0.3,16.91,74.03,0
2025-07-22 04:17:00,4,22,7,1,66,24,p2,29,77,1002,4.97,246,3,72.9,0.01,0.06,50.92,0.29,16.81,72.28,0
2025-07-22 05:17:00,5,22,7,1,88,41,p2,29,75,1002,5.41,242,3,72.44,0.01,0.05,50.42,0.29,16.84,71.34,0
2025-07-22 06:17:00,6,22,7,1,71,29,p2,29,75,1001,5.5,240,3,72.04,0.01,0.04,49.46,0.28,16.8,69.85,0
2025-07-22 07:17:00,7,22,7,1,77,33,p2,30,74,1001,6.1,238,3,71.82,0.01,0.04,48.15,0.27,16.52,67.16,0
2025-07-22 08:17:00,8,22,7,1,70,28,p2,30,75,1000,6.28,241,3,71.68,0.01,0.04,46.67,0.27,16.16,63.55,0
2025-07-22 10:17:00,10,22,7,1,66,25,p2,30,75,999,7.25,247,3,72.03,0.01,0.03,44.07,0.26,14.56,54.11,0
2025-07-22 11:17:00,11,22,7,1,66,24,p2,30,76,999,7.32,244,3,72.14,0.01,0.04,43.18,0.26,14.12,50.87,0
2025-07-22 12:17:00,12,22,7,1,64,23,p2,29,78,998,7.65,245,2,72.07,0.01,0.05,42.54,0.27,14.22,49.85,0
2025-07-22 13:17:00,13,22,7,1,70,28,p2,29,80,999,7.72,245,2,72.08,0.0,0.06,42.95,0.24,13.27,43.21,0
2025-07-22 14:17:00,14,22,7,1,65,24,p2,29,82,999,7.32,245,2,72.35,0.0,0.07,42.58,0.25,13.27,42.09,0
2025-07-22 15:17:00,15,22,7,1,73,30,p2,28,83,999,7.59,239,2,72.85,0.0,0.07,42.41,0.26,13.54,43.84,0
2025-07-22 16:17:00,16,22,7,1,79,34,p2,28,84,999,8.02,238,3,73.43,0.0,0.07,42.45,0.29,15.08,53.46,0
2025-07-22 17:17:00,17,22,7,1,81,36,p2,28,85,1000,7.98,244,3,74.68,0.0,0.07,42.96,0.28,13.99,50.78,0
2025-07-22 18:17:00,18,22,7,1,73,30,p2,28,85,1000,7.78,246,3,76.03,0.0,0.07,43.71,0.3,14.49,55.41,0
2025-07-22 19:17:00,19,22,7,1,71,28,p2,28,85,1000,8.11,245,3,77.44,0.0,0.07,44.53,0.31,14.91,56.95,0
2025-07-22 20:17:00,20,22,7,1,75,32,p2,28,84,1000,8.11,247,3,78.96,0.0,0.07,45.51,0.3,15.02,54.24,0
2025-07-22 21:17:00,21,22,7,1,62,21,p2,28,83,1000,8.06,251,2,80.51,0.0,0.07,46.34,0.28,14.83,49.65,0
2025-07-22 22:17:00,22,22,7,1,61,21,p2,28,83,999,8.14,251,2,81.56,0.0,0.07,47.03,0.27,14.67,48.74,0
2025-07-22 23:17:00,23,22,7,1,64,23,p2,28,83,998,8.08,248,3,82.17,0.0,0.07,47.43,0.28,14.81,50.65,0
2025-07-23 00:17:00,0,23,7,2,58,19,p2,27,83,998,7.65,248,3,82.47,0.0,0.07,47.67,0.28,15.03,52.4,0
2025-07-23 01:17:00,1,23,7,2,56,17,p2,28,82,998,7.66,254,3,82.55,0.0,0.07,48.05,0.29,15.07,51.65,0
2025-07-23 02:17:00,2,23,7,2,58,19,p2,28,82,999,7.97,257,3,82.5,0.0,0.08,48.51,0.3,15.3,53.45,0
2025-07-23 03:17:00,3,23,7,2,58,19,p2,28,82,999,8.14,255,3,81.75,0.0,0.08,49.25,0.33,16.95,65.07,0
2025-07-23 04:17:00,4,23,7,2,60,20,p2,28,80,999,8.15,251,3,81.86,0.0,0.08,49.98,0.32,15.91,60.42,0
2025-07-23 05:17:00,5,23,7,2,58,18,p2,29,78,999,8.4,250,3,81.76,0.01,0.06,50.94,0.32,15.64,61.5,0
2025-07-23 06:17:00,6,23,7,2,62,22,p2,29,77,999,8.43,251,3,81.62,0.01,0.05,51.6,0.32,15.39,62.55,0
2025-07-23 07:17:00,7,23,7,2,73,30,p2,29,77,998,8.39,251,3,80.86,0.01,0.05,51.64,0.33,15.44,66.24,0
2025-07-23 08:17:00,8,23,7,2,65,24,p2,29,76,997,8.98,249,3,79.22,0.01,0.04,50.85,0.35,16.07,70.91,0
2025-07-23 09:17:00,9,23,7,2,67,25,p2,29,77,997,8.98,251,3,77.35,0.01,0.04,49.45,0.37,16.88,73.92,0
2025-07-23 10:17:00,10,23,7,2,64,23,p2,29,78,996,8.99,252,3,74.87,0.01,0.04,47.98,0.41,18.66,81.8,0
2025-07-23 11:17:00,11,23,7,2,67,25,p2,29,79,996,9.06,250,3,74.01,0.01,0.05,46.99,0.43,19.25,84.02,0
2025-07-23 12:17:00,12,23,7,2,62,21,p2,29,80,995,8.79,244,3,73.86,0.01,0.05,46.6,0.45,19.63,85.51,0
2025-07-23 13:17:00,13,23,7,2,57,17,p2,29,81,995,8.78,240,3,74.28,0.0,0.06,46.79,0.44,19.11,82.79,0
2025-07-23 14:17:00,14,23,7,2,61,20,p2,28,82,996,9.02,234,3,75.14,0.0,0.07,47.36,0.45,18.81,82.09,0
2025-07-23 15:17:00,15,23,7,2,60,20,p2,28,84,996,9.09,233,3,75.05,0.0,0.07,46.0,0.41,15.64,66.5,0
2025-07-23 16:17:00,16,23,7,2,60,20,p2,28,85,997,8.56,235,3,75.75,0.0,0.08,46.26,0.41,14.7,62.59,0
2025-07-23 17:17:00,17,23,7,2,67,25,p2,28,84,997,8.2,242,3,76.56,0.0,0.08,46.55,0.42,15.21,65.05,0
2025-07-23 18:17:00,18,23,7,2,69,27,p2,28,83,997,7.35,244,3,77.45,0.0,0.08,46.93,0.44,17.48,75.44,0
2025-07-23 19:17:00,19,23,7,2,66,24,p2,28,83,997,7.31,244,3,78.53,0.0,0.08,47.26,0.45,20.71,89.18,0
2025-07-23 20:17:00,20,23,7,2,68,26,p2,28,83,996,7.52,244,4,79.94,0.0,0.08,47.66,0.45,23.81,101.66,0
2025-07-23 21:17:00,21,23,7,2,64,23,p2,28,83,996,7.66,245,4,80.87,0.0,0.08,47.81,0.45,26.26,110.86,0
2025-07-23 22:17:00,22,23,7,2,62,21,p2,28,83,995,7.82,248,4,81.03,0.0,0.08,47.77,0.44,27.53,115.64,0
2025-07-23 23:17:00,23,23,7,2,56,17,p2,28,84,995,8.07,252,4,80.49,0.0,0.08,47.57,0.44,27.43,114.18,0
2025-07-24 00:17:00,0,24,7,3,53,15,p2,28,84,995,7.91,255,4,79.83,0.0,0.08,47.45,0.43,26.25,109.03,0
2025-07-24 01:17:00,1,24,7,3,58,18,p2,28,84,996,7.22,258,4,79.32,0.0,0.08,47.53,0.43,24.73,104.2,0
2025-07-24 02:17:00,2,24,7,3,51,13,p2,28,83,996,7.0,254,4,78.74,0.0,0.08,47.74,0.43,23.25,101.18,0
2025-07-24 03:17:00,3,24,7,3,62,22,p2,28,80,997,6.74,249,3,78.02,0.0,0.08,47.93,0.44,22.11,98.18,0
2025-07-24 04:17:00,4,24,7,3,61,21,p2,28,79,997,6.24,245,3,77.25,0.01,0.08,48.03,0.44,21.66,97.9,0
2025-07-24 05:17:00,5,24,7,3,61,20,p2,29,77,998,6.29,241,4,76.27,0.01,0.07,47.96,0.44,22.08,101.36,0
2025-07-24 06:17:00,6,24,7,3,59,19,p2,29,76,997,6.8,241,4,75.42,0.01,0.06,47.76,0.44,22.89,105.97,0
2025-07-24 07:17:00,7,24,7,3,60,20,p2,30,74,997,6.94,240,4,74.9,0.01,0.06,47.43,0.44,23.86,110.73,0
2025-07-24 08:17:00,8,24,7,3,77,33,p2,30,73,996,6.78,240,4,74.43,0.01,0.05,46.79,0.43,24.75,114.84,0
2025-07-24 09:17:00,9,24,7,3,66,24,p2,30,72,996,7.03,246,4,74.3,0.01,0.05,46.02,0.43,25.57,118.32,0
2025-07-24 10:17:00,10,24,7,3,60,20,p2,30,72,995,6.95,252,4,74.61,0.01,0.05,45.52,0.42,26.27,121.21,0
2025-07-24 11:17:00,11,24,7,3,61,21,p2,30,72,995,6.69,251,4,75.13,0.01,0.05,45.44,0.43,26.61,122.06,0
2025-07-24 12:17:00,12,24,7,3,59,20,p2,29,72,994,6.51,249,4,75.65,0.01,0.06,45.59,0.43,26.66,121.47,0
2025-07-24 13:17:00,13,24,7,3,54,15,p2,29,73,995,6.18,241,3,76.88,0.01,0.06,45.26,0.38,21.93,90.99,0
2025-07-24 14:17:00,14,24,7,3,60,20,p2,29,75,995,6.06,239,3,77.47,0.0,0.08,45.6,0.38,20.83,86.77,0
2025-07-24 15:17:00,15,24,7,3,60,20,p2,29,77,996,6.6,238,3,78.1,0.0,0.08,46.05,0.38,19.87,82.94,0
2025-07-24 16:17:00,16,24,7,3,65,24,p2,28,81,996,7.24,240,3,78.8,0.0,0.09,46.43,0.38,19.32,80.36,0
2025-07-24 17:17:00,17,24,7,3,64,23,p2,28,82,997,7.26,245,3,79.65,0.0,0.09,46.8,0.38,19.26,79.47,0
2025-07-24 18:17:00,18,24,7,3,63,22,p2,28,82,997,6.58,237,3,80.34,0.0,0.09,46.99,0.38,19.85,80.42,0
2025-07-24 19:17:00,19,24,7,3,63,23,p2,28,81,997,6.3,237,3,80.58,0.0,0.09,46.82,0.37,21.08,82.11,0
2025-07-24 20:17:00,20,24,7,3,64,23,p2,27,81,997,6.09,240,3,80.46,0.0,0.09,46.45,0.37,22.98,87.17,0
2025-07-24 21:17:00,21,24,7,3,64,23,p2,27,82,997,5.78,241,3,79.94,0.0,0.09,45.75,0.39,25.23,95.89,0
2025-07-24 22:17:00,22,24,7,3,70,27,p2,27,81,996,5.09,249,4,78.8,0.0,0.09,45.07,0.4,26.77,101.51,0
2025-07-24 23:17:00,23,24,7,3,63,22,p2,27,80,996,5.7,254,4,77.83,0.0,0.09,44.6,0.41,26.87,100.62,0
2025-07-25 00:17:00,0,25,7,4,60,20,p2,27,81,997,5.66,260,3,77.0,0.0,0.09,44.48,0.41,26.23,97.03,0
2025-07-25 01:17:00,1,25,7,4,55,16,p2,27,81,997,5.49,257,3,76.23,0.0,0.09,44.72,0.42,26.48,99.1,0
2025-07-25 02:17:00,2,25,7,4,57,17,p2,27,81,997,6.09,251,3,75.99,0.0,0.09,45.09,0.4,24.94,92.72,0
2025-07-25 03:17:00,3,25,7,4,58,18,p2,28,78,997,6.06,248,4,75.43,0.01,0.09,45.78,0.42,25.95,101.17,0
2025-07-25 04:17:00,4,25,7,4,71,28,p2,28,76,998,6.15,244,3,75.75,0.01,0.07,46.48,0.39,24.75,97.2,0
2025-07-25 05:17:00,5,25,7,4,61,20,p2,29,74,998,6.12,244,4,75.76,0.01,0.06,47.14,0.39,25.06,102.63,0
2025-07-25 06:17:00,6,25,7,4,62,21,p2,29,72,998,5.9,242,4,75.78,0.01,0.05,47.51,0.4,25.43,107.93,0
2025-07-25 07:17:00,7,25,7,4,61,21,p2,30,72,997,6.44,241,4,75.89,0.01,0.05,47.71,0.4,25.85,112.87,0
2025-07-25 08:17:00,8,25,7,4,68,26,p2,30,71,997,6.73,243,4,76.12,0.01,0.04,47.79,0.41,26.35,117.51,0
2025-07-25 09:17:00,9,25,7,4,73,30,p2,30,72,996,7.1,247,4,76.38,0.01,0.04,47.78,0.41,26.89,121.41,0
2025-07-25 10:17:00,10,25,7,4,64,23,p2,30,73,996,7.55,249,4,76.59,0.01,0.04,48.01,0.42,27.52,124.93,0
2025-07-25 11:17:00,11,25,7,4,61,21,p2,29,74,996,7.27,250,4,76.55,0.01,0.05,48.46,0.44,27.91,126.78,0
2025-07-25 12:17:00,12,25,7,4,57,18,p2,29,75,996,6.79,250,4,76.19,0.01,0.05,49.31,0.46,27.96,126.54,0
2025-07-25 13:17:00,13,25,7,4,63,22,p2,29,77,996,7.14,249,4,76.27,0.0,0.07,50.5,0.47,27.93,125.78,0
2025-07-25 14:17:00,14,25,7,4,64,23,p2,28,79,996,7.31,248,4,76.38,0.0,0.08,51.84,0.48,28.11,126.25,0
2025-07-25 15:17:00,15,25,7,4,71,29,p2,28,81,997,7.03,242,3,78.78,0.0,0.08,53.31,0.4,23.72,90.69,0
2025-07-25 16:17:00,16,25,7,4,69,27,p2,28,83,997,7.12,235,3,78.95,0.0,0.08,54.43,0.41,24.0,90.91,0
2025-07-25 17:17:00,17,25,7,4,64,23,p2,28,82,998,6.52,241,3,79.14,0.0,0.08,55.26,0.42,24.79,92.18,0
2025-07-25 18:17:00,18,25,7,4,76,32,p2,28,82,999,6.76,254,3,78.72,0.0,0.08,55.38,0.43,26.18,95.9,0
2025-07-25 19:17:00,19,25,7,4,62,22,p2,28,83,998,7.26,247,3,77.4,0.0,0.09,54.45,0.44,27.72,99.81,0
2025-07-25 20:17:00,20,25,7,4,74,30,p2,28,83,998,7.44,248,4,76.17,0.0,0.09,53.29,0.44,29.03,101.33,0
2025-07-25 21:17:00,21,25,7,4,72,30,p2,28,82,997,7.52,253,4,75.14,0.0,0.09,52.33,0.44,29.99,101.76,0
2025-07-25 22:17:00,22,25,7,4,63,22,p2,28,81,997,7.32,257,3,74.59,0.0,0.09,51.79,0.43,30.59,99.36,0
2025-07-25 23:17:00,23,25,7,4,63,22,p2,28,81,997,7.45,265,3,74.27,0.0,0.09,51.51,0.43,31.16,97.94,0
2025-07-26 00:17:00,0,26,7,5,56,17,p2,28,80,997,7.58,267,3,73.88,0.0,0.08,51.58,0.42,31.61,99.05,0
2025-07-26 01:17:00,1,26,7,5,57,18,p2,27,80,997,7.53,271,3,74.12,0.0,0.08,52.05,0.41,31.52,99.85,0
2025-07-26 02:17:00,2,26,7,5,61,21,p2,28,79,998,6.48,265,4,74.2,0.0,0.08,52.67,0.41,31.46,102.82,0
2025-07-26 03:17:00,3,26,7,5,65,24,p2,28,78,998,6.35,255,4,73.82,0.0,0.09,52.9,0.42,31.68,108.37,0
2025-07-26 04:17:00,4,26,7,5,61,21,p2,28,76,999,6.92,254,4,73.03,0.0,0.09,52.71,0.44,32.12,117.84,0
2025-07-26 05:17:00,5,26,7,5,64,23,p2,29,75,999,7.8,259,4,72.19,0.01,0.07,52.13,0.46,32.48,127.85,0
2025-07-26 06:17:00,6,26,7,5,63,23,p2,29,74,998,8.21,257,4,71.09,0.01,0.06,51.43,0.48,32.5,135.45,0
2025-07-26 07:17:00,7,26,7,5,72,30,p2,29,73,998,8.24,252,4,70.28,0.01,0.05,50.64,0.5,32.17,141.4,0
2025-07-26 08:17:00,8,26,7,5,64,23,p2,29,72,998,7.78,249,4,69.79,0.01,0.05,50.02,0.51,31.67,145.78,0
2025-07-26 09:17:00,9,26,7,5,70,28,p2,29,72,997,7.91,255,4,69.71,0.01,0.05,49.54,0.51,31.25,148.79,0
2025-07-26 10:17:00,10,26,7,5,79,34,p2,29,72,997,8.03,261,4,70.11,0.01,0.05,49.17,0.51,31.07,150.75,0
2025-07-26 11:17:00,11,26,7,5,72,29,p2,29,73,996,8.31,258,4,70.58,0.01,0.05,49.01,0.52,30.96,151.0,0
2025-07-26 12:17:00,12,26,7,5,67,25,p2,29,75,996,7.15,255,4,71.18,0.01,0.06,49.2,0.52,31.13,150.94,0
2025-07-26 13:17:00,13,26,7,5,62,22,p2,28,77,996,6.82,247,4,72.08,0.0,0.07,49.72,0.54,31.9,152.86,0
2025-07-26 14:17:00,14,26,7,5,67,25,p2,28,79,997,7.0,245,4,73.25,0.0,0.08,50.64,0.56,34.56,163.53,0
2025-07-26 15:17:00,15,26,7,5,71,28,p2,28,80,997,7.45,245,4,74.05,0.0,0.09,50.64,0.53,31.28,136.92,0
2025-07-26 16:17:00,16,26,7,5,73,30,p2,28,80,998,7.7,250,4,74.49,0.0,0.09,51.31,0.55,33.48,146.43,0
2025-07-26 17:17:00,17,26,7,5,82,37,p2,28,80,998,7.56,256,4,74.61,0.0,0.09,51.91,0.56,35.68,156.45,0
2025-07-26 18:17:00,18,26,7,5,87,41,p2,28,79,998,7.65,257,4,74.39,0.0,0.09,52.2,0.58,37.73,166.54,0
2025-07-26 19:17:00,19,26,7,5,79,34,p2,27,78,998,7.34,260,4,73.65,0.0,0.09,52.11,0.6,39.07,174.78,0
2025-07-26 20:17:00,20,26,7,5,81,36,p2,27,78,998,7.34,266,4,72.86,0.0,0.09,51.85,0.6,39.52,179.8,0
2025-07-26 21:17:00,21,26,7,5,64,23,p2,27,79,997,6.64,257,4,72.01,0.0,0.09,51.55,0.61,39.32,182.04,0
2025-07-26 22:17:00,22,26,7,5,73,30,p2,27,79,997,7.45,257,4,71.51,0.0,0.09,51.26,0.62,38.74,181.14,0
2025-07-26 23:17:00,23,26,7,5,64,23,p2,27,80,997,7.27,257,4,70.82,0.0,0.09,50.83,0.62,37.78,177.58,0
2025-07-27 00:17:00,0,27,7,6,68,26,p2,27,80,997,6.93,260,4,70.33,0.0,0.09,50.45,0.62,36.78,173.61,0
2025-07-27 01:17:00,1,27,7,6,61,21,p2,27,79,998,7.03,259,4,70.16,0.0,0.09,50.38,0.61,35.86,170.44,0
2025-07-27 02:17:00,2,27,7,6,70,28,p2,27,79,998,7.22,257,4,70.25,0.0,0.09,50.74,0.59,34.81,167.11,0
2025-07-27 03:17:00,3,27,7,6,63,22,p2,27,78,998,7.79,263,4,70.2,0.0,0.09,50.79,0.59,33.59,163.34,0
2025-07-27 04:17:00,4,27,7,6,63,23,p2,28,77,999,7.27,262,4,69.41,0.0,0.09,50.2,0.59,32.37,159.19,0
2025-07-27 05:17:00,5,27,7,6,62,21,p2,28,77,999,7.29,258,4,68.64,0.01,0.08,49.31,0.6,31.23,155.13,0
2025-07-27 06:17:00,6,27,7,6,63,22,p2,28,75,998,7.24,256,4,68.09,0.01,0.07,48.84,0.6,30.25,151.96,0
2025-07-27 07:17:00,7,27,7,6,90,43,p2,29,74,998,7.56,253,4,68.72,0.01,0.07,49.27,0.58,29.57,150.38,0
2025-07-27 08:17:00,8,27,7,6,66,25,p2,29,74,997,7.36,249,4,69.94,0.01,0.06,50.22,0.55,29.94,154.11,0
2025-07-27 09:17:00,9,27,7,6,63,22,p2,29,74,997,7.76,243,4,70.9,0.01,0.06,50.85,0.54,31.46,163.08,0
2025-07-27 10:17:00,10,27,7,6,62,21,p2,29,74,997,7.6,240,4,71.54,0.01,0.06,50.93,0.54,33.35,173.66,0
2025-07-27 15:17:00,15,27,7,6,69,27,p2,28,79,998,6.91,234,4,73.54,0.0,0.09,51.0,0.56,34.9,175.49,0
2025-07-27 16:17:00,16,27,7,6,74,30,p2,28,79,999,6.91,235,4,73.66,0.0,0.09,50.7,0.55,36.86,185.55,0
2025-07-27 17:17:00,17,27,7,6,81,36,p2,28,78,999,7.41,244,4,73.49,0.0,0.09,50.21,0.54,37.0,187.84,0
2025-07-27 18:17:00,18,27,7,6,81,36,p2,27,80,999,7.95,249,4,72.91,0.0,0.09,49.5,0.55,37.37,191.53,0
2025-07-27 19:17:00,19,27,7,6,79,34,p2,27,81,999,7.49,256,4,71.45,0.0,0.1,47.68,0.58,36.2,185.47,0
2025-07-27 20:17:00,20,27,7,6,73,30,p2,27,80,999,7.74,262,4,70.95,0.0,0.1,46.81,0.58,35.24,182.84,0
2025-07-27 21:17:00,21,27,7,6,71,29,p2,27,79,998,7.43,267,4,70.25,0.0,0.11,45.53,0.6,33.75,174.31,0
2025-07-27 22:17:00,22,27,7,6,67,25,p2,27,79,998,7.27,270,4,70.08,0.0,0.1,45.18,0.6,32.7,168.45,0
2025-07-27 23:17:00,23,27,7,6,71,29,p2,27,79,998,7.13,265,4,70.53,0.0,0.1,45.58,0.59,32.12,165.75,0
2025-07-28 00:17:00,0,28,7,0,65,24,p2,27,80,998,7.77,259,4,71.08,0.0,0.1,46.01,0.58,31.5,163.19,0
2025-07-28 01:17:00,1,28,7,0,71,29,p2,27,80,999,7.99,257,4,71.16,0.0,0.1,45.92,0.59,30.78,159.47,0
2025-07-28 02:17:00,2,28,7,0,68,26,p2,27,79,999,7.76,255,4,70.99,0.0,0.1,45.55,0.59,30.03,154.57,0
2025-07-28 03:17:00,3,28,7,0,69,27,p2,27,79,999,8.23,255,4,70.57,0.0,0.11,45.04,0.61,29.05,148.28,0
2025-07-28 04:17:00,4,28,7,0,72,29,p2,28,78,1000,8.2,251,4,70.14,0.0,0.1,45.02,0.61,28.36,143.78,0
2025-07-28 05:17:00,5,28,7,0,74,30,p2,28,78,999,8.06,253,4,70.24,0.0,0.1,45.53,0.62,28.25,142.76,0
2025-07-28 06:17:00,6,28,7,0,75,32,p2,29,76,999,8.34,254,4,70.33,0.0,0.1,46.2,0.63,28.23,142.09,0
2025-07-28 07:17:00,7,28,7,0,81,36,p2,29,74,999,8.89,253,4,70.53,0.01,0.09,46.6,0.62,27.66,138.75,0
2025-07-28 08:17:00,8,28,7,0,78,34,p2,29,75,998,9.52,254,4,70.29,0.01,0.08,46.65,0.62,27.17,135.93,0
2025-07-28 09:17:00,9,28,7,0,74,31,p2,29,75,998,9.6,254,4,70.26,0.0,0.08,46.53,0.61,27.52,138.07,0
2025-07-28 10:17:00,10,28,7,0,82,37,p2,29,76,997,9.8,255,4,70.96,0.0,0.07,46.89,0.6,29.24,146.96,0
2025-07-28 11:17:00,11,28,7,0,66,24,p2,29,77,997,9.52,252,4,71.33,0.0,0.07,47.28,0.58,30.16,151.39,0
2025-07-28 12:17:00,12,28,7,0,64,23,p2,28,78,997,8.47,249,4,71.81,0.0,0.08,47.66,0.56,31.28,156.19,0
2025-07-28 13:17:00,13,28,7,0,68,26,p2,28,80,997,8.45,246,4,71.98,0.0,0.08,47.71,0.56,32.19,160.05,0
2025-07-28 14:17:00,14,28,7,0,75,31,p2,28,82,997,8.46,245,4,71.5,0.0,0.1,47.18,0.58,32.83,162.3,0
2025-07-28 15:17:00,15,28,7,0,64,23,p2,28,81,998,8.35,248,4,69.8,0.0,0.1,45.35,0.61,32.47,163.04,0
2025-07-28 16:17:00,16,28,7,0,72,29,p2,28,80,999,8.34,249,4,69.78,0.0,0.1,45.41,0.61,33.38,167.78,0
2025-07-28 17:17:00,17,28,7,0,74,31,p2,28,81,999,8.2,251,4,69.87,0.0,0.1,45.53,0.62,33.72,169.79,0
2025-07-28 18:17:00,18,28,7,0,81,36,p2,27,80,1000,8.39,252,4,69.64,0.0,0.1,45.6,0.63,33.39,167.77,0
2025-07-28 19:17:00,19,28,7,0,77,33,p2,27,80,1000,8.62,252,4,69.27,0.0,0.1,45.41,0.64,32.25,161.67,0
2025-07-28 20:17:00,20,28,7,0,79,34,p2,27,80,999,9.3,256,4,68.61,0.0,0.1,45.23,0.67,30.57,151.44,0
2025-07-28 21:17:00,21,28,7,0,73,30,p2,27,81,998,9.62,257,4,69.05,0.0,0.1,45.86,0.65,29.65,148.27,0
2025-07-28 22:17:00,22,28,7,0,79,35,p2,27,80,997,9.71,260,4,69.49,0.0,0.1,46.8,0.64,28.51,142.33,0
2025-07-28 23:17:00,23,28,7,0,77,33,p2,27,80,997,9.58,265,4,70.08,0.0,0.09,47.85,0.64,27.98,139.41,0
2025-07-29 00:17:00,0,29,7,1,77,33,p2,27,80,997,9.27,260,4,70.13,0.0,0.09,48.37,0.66,27.22,133.68,0
2025-07-29 01:17:00,1,29,7,1,77,33,p2,27,81,998,9.65,260,4,69.96,0.0,0.09,48.53,0.66,26.19,127.77,0
2025-07-29 02:17:00,2,29,7,1,79,34,p2,27,82,998,9.76,260,4,69.72,0.0,0.09,48.56,0.65,24.66,118.46,0
2025-07-29 03:17:00,3,29,7,1,88,41,p2,27,81,998,9.99,261,4,69.75,0.0,0.08,48.91,0.65,24.06,115.75,0
2025-07-29 04:17:00,4,29,7,1,83,37,p2,28,80,999,10.18,260,4,70.22,0.01,0.07,49.46,0.65,24.47,119.97,0
2025-07-29 06:17:00,6,29,7,1,65,24,p2,29,77,999,10.32,261,4,71.47,0.01,0.06,66.15,0.64,0.5,125.23,0
2025-07-29 07:17:00,7,29,7,1,92,44,p2,29,75,998,11.01,261,4,71.72,0.01,0.05,49.03,0.63,25.26,125.98,0
2025-07-29 08:17:00,8,29,7,1,78,34,p2,29,76,998,10.98,258,4,71.67,0.01,0.05,47.65,0.63,25.96,127.85,0
2025-07-29 10:17:00,10,29,7,1,72,29,p2,29,75,996,10.35,255,4,72.58,0.01,0.05,45.87,0.64,29.48,140.92,0
2025-07-29 11:17:00,11,29,7,1,68,26,p2,29,77,996,10.03,248,4,73.7,0.01,0.05,45.86,0.62,30.83,146.16,0
2025-07-29 12:17:00,12,29,7,1,64,23,p2,28,79,996,9.88,245,4,74.56,0.01,0.06,46.06,0.62,32.87,154.91,0
2025-07-29 13:17:00,13,29,7,1,63,22,p2,28,79,997,9.9,248,4,75.1,0.0,0.07,46.31,0.59,32.32,156.21,0
2025-07-29 14:17:00,14,29,7,1,75,32,p2,27,82,997,9.44,245,4,74.81,0.0,0.09,46.19,0.6,34.48,165.05,0
2025-07-29 15:17:00,15,29,7,1,77,33,p2,27,82,998,8.74,249,4,73.98,0.0,0.1,45.79,0.62,36.42,173.6,0
2025-07-29 16:17:00,16,29,7,1,82,37,p2,27,81,998,8.73,256,4,72.98,0.0,0.1,45.45,0.63,37.59,180.19,0
2025-07-29 17:17:00,17,29,7,1,85,39,p2,27,81,998,8.74,257,4,71.69,0.0,0.1,45.18,0.64,37.8,183.27,0
2025-07-29 18:17:00,18,29,7,1,91,44,p2,27,81,999,8.95,260,4,70.02,0.0,0.1,44.55,0.67,37.07,180.57,0
2025-07-29 19:17:00,19,29,7,1,83,37,p2,27,80,998,9.08,261,4,67.67,0.0,0.11,43.62,0.71,35.5,170.75,0
2025-07-29 20:17:00,20,29,7,1,86,40,p2,27,80,998,8.98,259,4,67.08,0.0,0.11,43.48,0.71,34.24,165.57,0
2025-07-29 21:17:00,21,29,7,1,85,39,p2,27,80,997,8.84,257,4,66.6,0.0,0.11,43.53,0.72,33.36,160.21,0
2025-07-29 22:17:00,22,29,7,1,78,34,p2,27,80,997,9.1,263,4,66.84,0.0,0.1,44.26,0.72,33.15,158.89,0
2025-07-29 23:17:00,23,29,7,1,77,33,p2,27,80,996,8.75,262,4,66.8,0.0,0.11,44.8,0.74,33.44,158.26,0
2025-07-30 00:17:00,0,30,7,2,78,34,p2,27,81,996,8.2,258,4,67.19,0.0,0.1,45.43,0.72,33.38,159.09,0
2025-07-30 01:17:00,1,30,7,2,81,36,p2,27,83,996,8.82,256,4,67.3,0.0,0.1,45.68,0.73,33.25,157.99,0
2025-07-30 02:17:00,2,30,7,2,82,37,p2,27,83,997,9.01,252,4,67.2,0.0,0.1,45.74,0.74,32.69,154.97,0
2025-07-30 03:17:00,3,30,7,2,95,46,p2,27,81,997,9.66,255,4,67.5,0.0,0.09,46.34,0.74,32.26,153.48,0
2025-07-30 04:17:00,4,30,7,2,90,43,p2,28,81,998,9.58,255,4,68.33,0.01,0.09,47.63,0.73,32.16,154.11,0
2025-07-30 05:17:00,5,30,7,2,77,33,p2,28,80,998,9.44,254,4,68.49,0.01,0.08,48.34,0.72,31.61,151.74,0
2025-07-30 06:17:00,6,30,7,2,76,32,p2,28,79,998,9.52,256,4,68.57,0.01,0.07,49.04,0.7,31.61,150.71,0
2025-07-30 07:17:00,7,30,7,2,84,38,p2,29,77,997,9.58,256,4,68.58,0.01,0.06,49.29,0.69,32.02,151.81,0
2025-07-30 08:17:00,8,30,7,2,84,38,p2,29,76,997,8.98,254,4,68.57,0.01,0.05,49.24,0.67,32.67,154.76,0
2025-07-30 09:17:00,9,30,7,2,81,36,p2,29,75,997,8.76,254,4,69.46,0.01,0.05,49.08,0.66,34.42,162.64,0
2025-07-30 10:17:00,10,30,7,2,67,25,p2,29,77,996,7.89,247,4,69.66,0.01,0.05,48.43,0.66,34.95,161.37,0
2025-07-30 11:17:00,11,30,7,2,62,21,p2,28,80,996,8.3,243,4,69.2,0.01,0.06,47.87,0.67,34.92,157.02,0
2025-07-30 12:17:00,12,30,7,2,67,25,p2,28,80,996,7.67,236,4,69.64,0.01,0.07,47.53,0.68,35.9,155.81,0
2025-07-30 13:17:00,13,30,7,2,78,34,p2,28,79,996,7.28,235,4,71.2,0.0,0.09,47.67,0.69,38.61,159.4,0
2025-07-30 14:17:00,14,30,7,2,68,26,p2,28,80,997,6.11,237,4,71.82,0.0,0.11,47.98,0.69,40.18,163.23,0
2025-07-30 15:17:00,15,30,7,2,108,54,p2,28,80,997,6.48,236,4,72.83,0.0,0.11,48.27,0.69,42.78,168.55,0
2025-07-30 16:17:00,16,30,7,2,103,52,p2,28,81,998,6.7,237,4,73.32,0.0,0.11,48.81,0.69,43.54,176.58,0
2025-07-30 17:17:00,17,30,7,2,84,39,p2,28,81,998,5.93,230,4,73.59,0.0,0.12,48.46,0.69,44.29,178.42,0
2025-07-30 18:17:00,18,30,7,2,92,44,p2,28,78,999,5.77,237,4,73.32,0.0,0.12,47.6,0.7,44.1,177.49,0
2025-07-30 19:17:00,19,30,7,2,81,36,p2,28,79,998,5.71,240,4,72.76,0.0,0.12,46.37,0.7,42.87,173.4,0
2025-07-30 20:17:00,20,30,7,2,82,36,p2,28,77,997,6.86,252,4,72.46,0.0,0.12,45.41,0.7,40.82,167.39,0
2025-07-30 21:17:00,21,30,7,2,72,29,p2,28,80,997,6.81,255,4,72.44,0.0,0.12,44.94,0.69,38.58,161.85,0
2025-07-30 22:17:00,22,30,7,2,69,27,p2,27,79,997,6.57,265,4,72.61,0.0,0.11,45.1,0.67,36.59,157.76,0
2025-07-30 23:17:00,23,30,7,2,79,34,p2,27,79,997,5.67,264,4,72.67,0.0,0.11,45.46,0.66,34.77,153.19,0
2025-07-31 00:17:00,0,31,7,3,60,20,p2,27,80,997,4.97,253,4,72.26,0.0,0.11,45.83,0.65,33.13,146.23,0
2025-07-31 01:17:00,1,31,7,3,57,18,p2,27,80,998,4.56,232,4,71.87,0.0,0.11,46.25,0.65,32.12,146.89,0
2025-07-31 02:17:00,2,31,7,3,88,41,p2,27,80,998,4.58,225,4,71.02,0.0,0.11,46.41,0.67,31.62,146.78,0
2025-07-31 03:17:00,3,31,7,3,88,41,p2,27,80,999,4.89,225,4,70.03,0.0,0.11,46.42,0.68,30.76,142.75,0
2025-07-31 04:17:00,4,31,7,3,87,41,p2,28,79,999,5.4,226,4,69.8,0.01,0.1,46.72,0.66,30.01,140.76,0
2025-07-31 05:17:00,5,31,7,3,76,33,p2,28,78,999,5.65,221,4,69.97,0.01,0.09,46.92,0.65,29.71,138.55,0
2025-07-31 06:17:00,6,31,7,3,69,27,p2,29,77,1000,6.57,221,4,70.66,0.01,0.08,47.15,0.63,29.83,138.61,0
2025-07-31 07:17:00,7,31,7,3,73,30,p2,29,77,999,6.72,227,4,71.45,0.01,0.07,47.29,0.61,30.23,140.3,0
2025-07-31 08:17:00,8,31,7,3,76,32,p2,29,76,999,6.53,229,4,72.14,0.01,0.07,47.02,0.6,30.57,141.63,0
2025-07-31 10:17:00,10,31,7,3,69,27,p2,29,76,998,6.56,236,4,72.29,0.01,0.06,46.05,0.58,30.65,139.9,0
2025-07-31 11:17:00,11,31,7,3,66,24,p2,29,76,998,6.52,235,4,72.47,0.01,0.07,45.84,0.57,30.61,138.76,0
2025-07-31 12:17:00,12,31,7,3,67,25,p2,29,76,998,5.92,239,4,72.78,0.0,0.08,45.9,0.57,30.54,138.07,0
2025-07-31 13:17:00,13,31,7,3,67,26,p2,29,76,998,5.39,236,4,73.11,0.0,0.1,45.9,0.57,30.84,137.36,0
2025-07-31 14:17:00,14,31,7,3,65,24,p2,29,77,999,5.12,227,4,73.4,0.0,0.11,46.04,0.55,30.73,138.37,0
2025-07-31 15:17:00,15,31,7,3,69,27,p2,29,77,999,4.92,226,4,73.66,0.0,0.11,45.93,0.55,30.98,139.21,0
2025-07-31 16:17:00,16,31,7,3,72,29,p2,29,77,999,5.09,227,4,73.43,0.0,0.11,45.51,0.53,30.66,140.34,0
2025-07-31 17:17:00,17,31,7,3,79,35,p2,29,78,1000,5.22,232,4,73.65,0.0,0.11,45.33,0.52,30.98,141.05,0
2025-07-31 18:17:00,18,31,7,3,69,27,p2,28,79,1000,5.35,237,4,74.6,0.0,0.11,45.46,0.53,32.27,144.97,0
2025-07-31 19:17:00,19,31,7,3,81,36,p2,28,80,1000,5.88,236,4,75.02,0.0,0.1,45.26,0.51,31.96,145.27,0
2025-07-31 20:17:00,20,31,7,3,82,37,p2,28,80,1000,5.59,236,4,76.05,0.0,0.1,45.28,0.5,32.31,147.71,0
2025-07-31 23:17:00,23,31,7,3,65,24,p2,27,80,999,5.74,255,4,76.8,0.0,0.1,45.07,0.51,30.45,141.39,0
2025-08-01 00:17:00,0,1,8,4,59,19,p2,27,79,1000,4.48,251,4,76.35,0.0,0.1,45.1,0.52,29.13,134.92,0
2025-08-01 01:17:00,1,1,8,4,60,20,p2,27,79,1000,4.18,244,4,75.91,0.0,0.1,45.32,0.52,27.55,125.54,0
2025-08-01 02:17:00,2,1,8,4,53,15,p2,28,79,1001,3.87,241,4,75.97,0.0,0.1,46.0,0.5,25.33,112.57,0
2025-08-01 03:17:00,3,1,8,4,70,28,p2,28,78,1001,5.15,238,3,76.18,0.0,0.1,46.76,0.47,22.97,97.93,0
2025-08-01 04:17:00,4,1,8,4,63,22,p2,28,76,1002,5.81,237,3,76.26,0.01,0.09,47.37,0.45,20.95,86.99,0
2025-08-01 05:17:00,5,1,8,4,61,21,p2,29,74,1002,5.96,232,3,76.32,0.01,0.08,47.84,0.44,19.62,79.62,0
2025-08-01 06:17:00,6,1,8,4,64,23,p2,29,72,1002,6.28,234,3,76.2,0.01,0.07,47.69,0.44,18.94,74.92,0
2025-08-01 07:17:00,7,1,8,4,71,28,p2,29,70,1002,7.06,236,3,75.69,0.01,0.06,46.85,0.44,18.91,76.2,0
2025-08-01 08:17:00,8,1,8,4,63,22,p2,30,69,1001,7.21,239,3,74.89,0.01,0.06,45.42,0.47,19.61,81.42,0
2025-08-01 09:17:00,9,1,8,4,63,23,p2,30,69,1001,7.38,240,3,74.29,0.01,0.06,43.92,0.5,21.4,90.75,0
2025-08-01 10:17:00,10,1,8,4,61,21,p2,30,70,1000,7.23,239,3,74.9,0.01,0.06,43.15,0.49,21.59,92.47,0
2025-08-01 11:17:00,11,1,8,4,61,21,p2,29,70,1000,7.05,240,3,75.54,0.01,0.06,42.77,0.49,22.07,95.75,0
2025-08-01 12:17:00,12,1,8,4,61,20,p2,29,71,1000,7.41,239,3,76.01,0.01,0.06,42.66,0.49,22.57,99.07,0
