datetime,hour,day,month,weekday,aqi_us,aqi_cn,main_pollutant,temp,humidity,pressure,wind_speed,wind_direction,openweather_aqi,co,no,no2,o3,so2,pm2_5,pm10,nh3,computed_aqi,pm2_5_nowcast,pm10_nowcast,aqi_3avg,pm2_5_3avg,pm10_3avg,aqi_change_rate,computed_aqi_t+24,computed_aqi_t+48,computed_aqi_t+72
2025-07-15 16:17:00,16,15,7,1,64,23,p2,28,79,1000,7.09,241,4,76.89,0.0,0.09,43.13,0.45,23.34,106.05,0,74,23.240300706521055,105.6082132793398,75.33333333333333,23.24,105.60666666666667,-0.013333333333333308,80,74,69
2025-07-15 17:17:00,17,15,7,1,75,31,p2,28,78,1001,6.75,246,4,77.95,0.0,0.09,43.81,0.45,23.72,107.12,0,75,23.407960642695613,106.20573768896813,74.66666666666667,23.403333333333332,106.19666666666667,0.013513513513513598,80,73,68
2025-07-15 18:17:00,18,15,7,1,75,32,p2,28,79,1001,6.67,247,4,78.89,0.0,0.09,44.1,0.46,24.3,108.86,0,76,23.799579691726,107.36785167485881,75.0,23.786666666666665,107.34333333333332,0.01333333333333342,80,72,68
2025-07-15 19:17:00,19,15,7,1,74,31,p2,28,79,1001,6.19,250,4,79.22,0.0,0.09,43.92,0.47,24.97,110.81,0,77,24.35140233195873,108.97166222192034,76.0,24.33,108.93,0.013157894736842035,80,71,68
2025-07-15 20:17:00,20,15,7,1,65,24,p2,28,79,1001,5.63,251,4,79.27,0.0,0.09,43.65,0.47,25.81,113.47,0,78,25.057026378348226,111.11045075342983,77.0,25.026666666666667,111.04666666666667,0.01298701298701288,80,71,68
2025-07-15 21:17:00,21,15,7,1,68,26,p2,28,77,1000,5.59,257,4,79.27,0.0,0.1,43.4,0.47,26.68,116.94,0,80,25.857736017409547,113.85009839776409,78.33333333333333,25.819999999999997,113.74,0.02564102564102555,81,71,68
2025-07-15 22:17:00,22,15,7,1,66,25,p2,28,76,1000,6.31,260,4,79.64,0.0,0.09,43.42,0.46,27.63,120.91,0,82,26.747993663891773,117.26417260462003,80.0,26.706666666666667,117.10666666666667,0.02499999999999991,82,71,68
2025-07-15 23:17:00,23,15,7,1,64,23,p2,28,76,1000,6.83,267,4,79.76,0.0,0.09,43.37,0.45,28.47,124.65,0,80,26.1238777587816,114.97493735221335,80.66666666666667,27.593333333333334,120.83333333333333,-0.024390243902439046,83,71,68
2025-07-16 01:17:00,1,16,7,2,71,29,p2,28,76,1000,5.72,263,4,78.25,0.0,0.1,42.45,0.45,29.95,130.68,0,83,27.22828072085509,118.90294863948678,81.66666666666667,28.683333333333334,125.41333333333334,0.03750000000000009,85,72,68
2025-07-16 02:17:00,2,16,7,2,67,26,p2,28,77,1001,5.68,262,4,77.34,0.0,0.1,41.99,0.44,30.5,132.9,0,85,28.146142404376686,122.36791097940176,82.66666666666667,29.64,129.41,0.024096385542168752,86,72,67
2025-07-16 03:17:00,3,16,7,2,78,34,p2,28,76,1001,5.39,263,4,76.72,0.01,0.1,41.8,0.44,30.85,134.43,0,86,28.9357079325539,125.55014565021754,84.66666666666667,30.433333333333334,132.67,0.0117647058823529,88,72,67
2025-07-16 04:17:00,4,16,7,2,64,23,p2,28,76,1001,5.11,255,4,76.33,0.01,0.08,41.89,0.42,30.95,135.05,0,88,29.476059081049648,127.93229858272282,86.33333333333333,30.766666666666666,134.12666666666667,0.023255813953488413,89,72,67
2025-07-16 05:17:00,5,16,7,2,71,28,p2,29,75,1001,5.33,242,4,76.3,0.01,0.07,42.08,0.41,30.88,134.83,0,88,29.810538383927717,129.55206806507664,87.33333333333333,30.89333333333333,134.77,0.0,89,72,68
2025-07-16 06:17:00,6,16,7,2,64,23,p2,29,74,1001,5.73,237,4,76.38,0.01,0.06,42.09,0.4,30.56,133.21,0,89,29.96094267089484,130.3742587528306,88.33333333333333,30.796666666666667,134.36333333333334,0.011363636363636465,89,73,68
2025-07-16 07:17:00,7,16,7,2,66,24,p2,29,74,1001,6.06,234,4,75.88,0.01,0.05,41.38,0.41,29.92,129.72,0,89,29.94780817198046,130.35958206307413,88.66666666666667,30.453333333333333,132.58666666666667,0.0,88,73,69
2025-07-16 08:17:00,8,16,7,2,69,27,p2,29,72,1001,6.48,228,4,76.19,0.01,0.05,40.92,0.4,29.35,128.58,0,88,29.852249930868684,130.2038948401393,88.66666666666667,29.94333333333334,130.50333333333333,-0.011235955056179803,88,73,71
2025-07-16 09:17:00,9,16,7,2,73,30,p2,29,72,1000,6.87,226,4,75.64,0.01,0.05,39.95,0.4,28.66,125.77,0,88,29.711304218663813,129.7441331042063,88.33333333333333,29.310000000000002,128.02333333333334,0.0,87,73,72
2025-07-16 10:17:00,10,16,7,2,67,25,p2,29,72,1000,6.97,225,4,75.09,0.01,0.05,39.26,0.41,28.02,123.44,0,88,29.564437649683093,129.25663051906267,88.0,28.676666666666666,125.93,0.0,86,73,73
2025-07-16 11:17:00,11,16,7,2,59,19,p2,29,73,999,6.9,230,4,74.6,0.01,0.05,38.92,0.41,27.31,121.1,0,87,29.274996566453932,128.42772291378893,87.66666666666667,27.996666666666666,123.43666666666667,-0.011363636363636354,85,73,73
2025-07-16 12:17:00,12,16,7,2,68,26,p2,29,74,999,6.38,235,4,74.75,0.01,0.06,39.16,0.42,26.68,119.4,0,86,28.80421529537454,127.05799675005845,87.0,27.33666666666667,121.31333333333333,-0.011494252873563204,83,72,72
2025-07-16 13:17:00,13,16,7,2,69,26,p2,29,75,999,6.49,234,4,74.32,0.01,0.06,38.2,0.4,24.89,109.89,0,84,27.718587223401016,122.41891045956436,85.66666666666667,26.293333333333333,116.79666666666667,-0.023255813953488413,81,71,71
2025-07-16 14:17:00,14,16,7,2,61,21,p2,29,74,1000,6.49,236,4,74.83,0.0,0.07,38.8,0.4,24.58,109.19,0,82,26.936313802198338,119.38757296687244,84.0,25.38333333333333,112.82666666666667,-0.023809523809523836,79,70,69
2025-07-16 15:17:00,15,16,7,2,66,24,p2,28,75,1000,6.28,236,4,75.26,0.0,0.08,39.37,0.41,24.55,109.32,0,81,26.350881178168205,117.05285435220667,82.33333333333333,24.673333333333336,109.46666666666665,-0.012195121951219523,77,70,66
2025-07-16 16:17:00,16,16,7,2,70,28,p2,28,76,1001,6.09,240,4,75.55,0.0,0.08,39.83,0.42,24.73,110.21,0,80,25.942388259511237,115.37593321002454,81.0,24.62,109.57333333333332,-0.012345679012345734,75,69,62
2025-07-16 17:17:00,17,16,7,2,77,33,p2,28,74,1001,5.31,250,4,76.03,0.0,0.08,40.33,0.42,25.04,111.52,0,80,25.719839219109236,114.47766319917797,80.33333333333333,24.773333333333337,110.34999999999998,0.0,74,69,59
2025-07-16 18:17:00,18,16,7,2,76,32,p2,28,75,1002,5.2,237,4,76.51,0.0,0.08,40.87,0.42,25.46,113.56,0,80,25.65703462865439,114.31390787767016,80.0,25.076666666666668,111.76333333333332,0.0,73,68,58
2025-07-16 19:17:00,19,16,7,2,74,31,p2,28,71,1001,5.76,241,4,77.09,0.0,0.08,41.55,0.41,25.98,115.48,0,80,25.679725790431327,114.2484228973008,80.0,25.49333333333333,113.52,0.0,72,68,57
2025-07-16 20:17:00,20,16,7,2,74,30,p2,28,72,1001,5.14,247,4,77.76,0.0,0.08,42.24,0.41,26.65,117.45,0,80,25.792833395456043,114.52394745858962,80.0,26.03,115.49666666666667,0.0,71,68,57
2025-07-16 21:17:00,21,16,7,2,65,24,p2,28,74,1000,5.24,246,4,78.12,0.0,0.08,42.77,0.42,27.38,118.99,0,80,25.964686605407397,114.8727634672483,80.0,26.669999999999998,117.30666666666667,0.0,71,68,57
2025-07-16 22:17:00,22,16,7,2,68,26,p2,28,75,1000,5.82,246,4,78.31,0.0,0.09,42.92,0.43,28.11,119.44,0,81,26.24165720688387,115.13761526600557,80.33333333333333,27.38,118.62666666666667,0.012499999999999956,71,68,57
2025-07-16 23:17:00,23,16,7,2,68,26,p2,28,76,1000,5.53,250,4,78.15,0.0,0.09,42.73,0.44,28.88,120.59,0,82,26.737936234538417,115.60798556100971,81.0,28.123333333333335,119.67333333333333,0.012345679012345734,71,68,57
2025-07-17 00:17:00,0,17,7,3,66,24,p2,28,77,1000,4.59,249,4,77.75,0.0,0.09,42.46,0.45,29.64,122.59,0,83,27.38442340027698,116.64503743061613,82.0,28.876666666666665,120.87333333333333,0.012195121951219523,71,68,58
2025-07-17 01:17:00,1,17,7,3,66,24,p2,28,73,1001,4.22,248,4,77.55,0.0,0.09,42.39,0.45,30.37,126.75,0,85,28.145375015884103,118.92725239348606,83.33333333333333,29.63,123.31,0.024096385542168752,72,68,58
2025-07-17 02:17:00,2,17,7,3,66,24,p2,28,74,1002,4.41,244,4,77.55,0.0,0.1,42.62,0.45,30.94,131.06,0,86,28.890218625477875,121.83583624810112,84.66666666666667,30.316666666666666,126.80000000000001,0.0117647058823529,72,67,58
2025-07-17 03:17:00,3,17,7,3,61,21,p2,28,74,1003,5.05,236,4,77.77,0.0,0.11,43.24,0.45,31.61,134.71,0,88,29.628145614389034,124.9251955000236,86.33333333333333,30.973333333333333,130.84,0.023255813953488413,72,67,58
2025-07-17 04:17:00,4,17,7,3,68,26,p2,28,73,1003,4.75,231,4,77.53,0.01,0.1,43.25,0.44,31.02,133.99,0,89,29.947096448221753,126.75057529258814,87.66666666666667,31.189999999999998,133.25333333333333,0.011363636363636465,72,67,58
2025-07-17 05:17:00,5,17,7,3,67,25,p2,28,72,1003,4.67,230,4,77.53,0.01,0.09,43.47,0.43,30.5,132.8,0,89,30.072611796170293,127.86054735691972,88.66666666666667,31.043333333333333,133.83333333333334,0.0,72,68,59
2025-07-17 06:17:00,6,17,7,3,65,24,p2,29,71,1003,5.19,220,4,77.43,0.01,0.08,43.54,0.42,29.87,131.2,0,89,30.05097544449735,128.51494769737417,89.0,30.463333333333335,132.66333333333333,0.0,73,68,61
2025-07-17 07:17:00,7,17,7,3,79,34,p2,29,71,1002,5.3,224,4,77.17,0.01,0.07,43.3,0.41,29.11,129.0,0,88,29.91430624379858,128.73327820973913,88.66666666666667,29.826666666666668,131.0,-0.011235955056179803,73,69,64
2025-07-17 08:17:00,8,17,7,3,69,27,p2,29,71,1002,5.39,228,4,76.59,0.01,0.07,42.56,0.41,28.37,127.05,0,88,29.72438054633646,128.71050267287907,88.33333333333333,29.11666666666667,129.08333333333334,0.0,73,71,68
2025-07-17 09:17:00,9,17,7,3,78,34,p2,29,70,1002,5.02,221,4,75.87,0.01,0.06,41.47,0.41,27.54,124.69,0,87,29.449497477636296,128.4270257736572,87.66666666666667,28.34,126.91333333333331,-0.011363636363636354,73,72,70
2025-07-17 10:17:00,10,17,7,3,70,28,p2,30,71,1001,5.63,225,4,75.33,0.01,0.06,40.43,0.41,26.77,122.2,0,86,28.95262176523304,127.85762001520011,87.0,27.560000000000002,124.64666666666666,-0.011494252873563204,73,73,72
2025-07-17 11:17:00,11,17,7,3,71,29,p2,30,71,1001,6.12,225,4,75.38,0.01,0.06,39.93,0.41,25.94,119.54,0,85,28.25684411575524,126.85181945445952,86.0,26.75,122.14333333333333,-0.011627906976744207,73,73,73
2025-07-17 12:17:00,12,17,7,3,64,23,p2,29,72,1000,5.9,233,4,75.18,0.01,0.07,39.27,0.4,25.12,116.59,0,83,27.42284423421396,125.05961445410647,84.66666666666667,25.94333333333334,119.44333333333333,-0.02352941176470591,72,72,73
2025-07-17 13:17:00,13,17,7,3,66,24,p2,29,74,1001,5.88,234,4,76.68,0.0,0.07,40.17,0.36,23.77,110.32,0,81,26.240441289722717,121.34413188241928,83.0,24.94333333333333,115.48333333333333,-0.02409638554216864,71,71,73
2025-07-17 14:17:00,14,17,7,3,63,22,p2,29,77,1001,5.68,233,4,77.26,0.0,0.08,40.42,0.35,23.06,107.04,0,79,25.208399708237494,117.56016343321299,81.0,23.983333333333334,111.31666666666666,-0.024691358024691357,70,69,73
2025-07-17 15:17:00,15,17,7,3,64,23,p2,28,78,1002,5.99,233,4,77.71,0.0,0.08,40.65,0.34,22.46,104.31,0,77,24.366327569979877,113.89355796788377,79.0,23.096666666666664,107.22333333333334,-0.025316455696202556,70,66,73
2025-07-17 16:17:00,16,17,7,3,66,25,p2,28,78,1002,5.51,238,4,77.94,0.0,0.08,40.74,0.33,21.95,101.99,0,75,23.615558408106992,110.55018562183538,77.0,22.49,104.44666666666667,-0.025974025974025983,69,62,73
2025-07-17 17:17:00,17,17,7,3,65,24,p2,28,77,1003,6.08,231,4,78.13,0.0,0.08,40.9,0.33,21.59,100.38,0,74,23.018741573161353,107.77154574589282,75.33333333333333,22.0,102.22666666666667,-0.013333333333333308,69,59,73
2025-07-17 18:17:00,18,17,7,3,68,26,p2,28,77,1003,5.69,229,3,78.54,0.0,0.08,41.14,0.34,21.3,98.97,0,73,22.545107860767082,105.44651515223143,74.0,21.613333333333333,100.44666666666666,-0.013513513513513487,68,58,74
2025-07-17 19:17:00,19,17,7,3,73,30,p2,28,77,1003,5.43,241,3,78.88,0.0,0.07,41.49,0.34,20.89,96.81,0,72,22.072706507221614,102.97357074486324,73.0,21.26,98.71999999999998,-0.013698630136986356,68,57,75
2025-07-17 20:17:00,20,17,7,3,72,29,p2,28,77,1002,5.67,252,3,79.48,0.0,0.07,42.11,0.33,20.56,94.67,0,71,21.670210560140053,100.62353783541826,72.0,20.916666666666668,96.81666666666666,-0.01388888888888884,68,57,77
2025-07-17 21:17:00,21,17,7,3,65,24,p2,28,77,1002,5.68,251,3,79.88,0.0,0.07,42.53,0.33,20.61,94.4,0,71,21.439352596452963,99.13504487204018,71.33333333333333,20.686666666666667,95.29333333333334,0.0,68,57,79
2025-07-17 22:17:00,22,17,7,3,66,24,p2,28,76,1002,5.31,254,3,79.87,0.0,0.07,42.63,0.33,21.2,96.67,0,71,21.405303044759144,98.59103130426362,71.0,20.790000000000003,95.24666666666667,0.0,68,57,81
2025-07-17 23:17:00,23,17,7,3,67,26,p2,28,76,1001,5.14,249,4,80.06,0.0,0.07,42.6,0.34,22.09,100.16,0,71,21.53589106189361,98.86711689239227,71.0,21.3,97.07666666666667,0.0,68,57,82
2025-07-18 00:17:00,0,18,7,4,72,29,p2,28,76,1002,5.26,250,4,80.12,0.0,0.07,42.61,0.34,22.86,102.95,0,71,21.733247528375852,99.57599120588928,71.0,22.05,99.92666666666666,0.0,68,58,82
2025-07-18 01:17:00,1,18,7,4,71,29,p2,28,76,1002,5.62,252,4,80.29,0.0,0.07,42.83,0.32,23.1,103.38,0,72,21.867589718891395,99.91471130520503,71.33333333333333,22.683333333333334,102.16333333333334,0.014084507042253502,68,58,82
2025-07-18 02:17:00,2,18,7,4,69,27,p2,28,76,1003,5.44,252,4,80.79,0.0,0.07,43.33,0.31,23.06,102.41,0,72,21.998703230320654,99.9616444567239,71.66666666666667,23.006666666666664,102.91333333333334,0.0,67,58,81
2025-07-18 03:17:00,3,18,7,4,68,26,p2,28,74,1003,5.77,251,4,81.15,0.0,0.08,43.92,0.29,22.93,100.88,0,72,22.118069854477266,99.86436747974369,72.0,23.03,102.22333333333331,0.0,67,58,81
2025-07-18 04:17:00,4,18,7,4,68,26,p2,28,73,1004,5.8,259,3,81.17,0.01,0.07,44.18,0.28,22.68,99.03,0,72,22.20620664369516,99.66174441617768,72.0,22.89,100.77333333333333,0.0,67,58,80
2025-07-18 05:17:00,5,18,7,4,66,24,p2,29,71,1004,5.02,252,3,81.14,0.01,0.06,44.12,0.26,22.55,97.75,0,72,22.278659505707477,99.38004566948952,72.0,22.72,99.21999999999998,0.0,68,59,80
2025-07-18 07:17:00,7,18,7,4,82,36,p2,30,68,1003,5.41,249,3,80.6,0.01,0.05,42.7,0.24,22.43,95.91,0,73,22.336086905920517,98.94408022024744,72.33333333333333,22.55333333333333,97.56333333333333,0.01388888888888884,68,61,79
2025-07-18 08:17:00,8,18,7,4,71,28,p2,30,67,1002,5.63,245,3,79.97,0.01,0.04,41.58,0.23,22.26,94.67,0,73,22.377169756364133,98.47872407703292,72.66666666666667,22.41333333333333,96.11,0.0,69,64,78
2025-07-18 09:17:00,9,18,7,4,63,22,p2,30,68,1002,5.66,246,3,79.32,0.01,0.04,40.56,0.23,22.02,93.4,0,73,22.389899005239222,97.91306560664364,73.0,22.236666666666668,94.66000000000001,0.0,71,68,77
2025-07-18 10:17:00,10,18,7,4,70,27,p2,30,69,1001,5.77,243,3,78.94,0.01,0.05,39.84,0.22,21.81,92.37,0,73,22.387253487787586,97.18163833799996,73.0,22.03,93.48,0.0,72,70,76
2025-07-18 11:17:00,11,18,7,4,73,30,p2,30,69,1001,5.75,242,3,78.18,0.01,0.05,39.27,0.23,21.55,91.54,0,73,22.35644890780218,96.27557602860324,73.0,21.793333333333333,92.43666666666667,0.0,73,72,75
2025-07-18 12:17:00,12,18,7,4,68,26,p2,29,71,1001,5.8,238,3,76.6,0.01,0.06,38.74,0.26,22.42,96.0,0,73,22.37772888604464,96.09982875137527,73.0,21.926666666666666,93.30333333333334,0.0,73,73,75
2025-07-18 13:17:00,13,18,7,4,84,39,p2,29,73,1001,6.37,233,3,77.17,0.0,0.07,38.76,0.23,20.36,81.73,0,72,21.992410357552465,92.04871832060147,72.66666666666667,21.44333333333333,89.75666666666667,-0.013698630136986356,72,73,74
2025-07-18 14:17:00,14,18,7,4,64,23,p2,29,76,1001,5.82,229,3,77.41,0.0,0.08,39.66,0.25,20.86,87.0,0,71,21.787130949290784,90.89385673004668,72.0,21.213333333333335,88.24333333333334,-0.01388888888888884,71,73,70
2025-07-18 15:17:00,15,18,7,4,68,26,p2,29,77,1002,5.03,236,3,77.38,0.0,0.09,39.58,0.24,19.66,81.89,0,70,21.337480754711567,89.00559851537871,71.0,20.293333333333333,83.54,-0.014084507042253502,69,73,68
2025-07-18 16:17:00,16,18,7,4,62,22,p2,28,79,1002,5.17,249,3,77.6,0.0,0.09,40.19,0.24,19.42,81.99,0,70,20.965833994790223,87.65114854807035,70.33333333333333,19.98,83.62666666666667,0.0,66,73,67
2025-07-18 17:17:00,17,18,7,4,66,24,p2,28,80,1002,5.64,235,3,77.97,0.0,0.09,40.83,0.26,19.48,82.86,0,69,20.687453784246827,86.69102892049217,69.66666666666667,19.52,82.24666666666666,-0.014285714285714235,62,73,66
2025-07-18 18:17:00,18,18,7,4,67,25,p2,28,81,1002,6.28,226,3,78.26,0.0,0.09,41.41,0.27,19.75,84.11,0,69,20.49662513704647,86.19679664124267,69.33333333333333,19.55,82.98666666666666,0.0,59,73,65
2025-07-18 19:17:00,19,18,7,4,68,26,p2,28,81,1002,6.08,242,3,78.62,0.0,0.09,41.88,0.28,19.92,84.5,0,68,20.347775935054333,85.65697556635834,68.66666666666667,19.71666666666667,83.82333333333332,-0.01449275362318836,58,74,64
2025-07-18 20:17:00,20,18,7,4,70,28,p2,28,81,1001,6.26,257,3,79.32,0.0,0.09,42.39,0.29,19.98,84.04,0,68,20.232324729848443,85.14868016401981,68.33333333333333,19.883333333333336,84.21666666666667,0.0,57,75,64
2025-07-18 21:17:00,21,18,7,4,67,25,p2,28,82,1000,6.62,267,3,80.02,0.0,0.08,42.79,0.3,20.14,83.93,0,68,20.165352356391878,84.72882855819824,68.0,20.013333333333335,84.15666666666668,0.0,57,77,64
2025-07-18 22:17:00,22,18,7,4,65,24,p2,28,82,1000,6.95,271,3,80.51,0.0,0.09,43.01,0.33,21.08,86.03,0,68,20.266532292165966,84.76243686261303,68.0,20.400000000000002,84.66666666666667,0.0,57,79,63
2025-07-18 23:17:00,23,18,7,4,67,25,p2,28,83,1000,7.14,271,3,80.7,0.0,0.08,43.18,0.31,20.05,76.55,0,68,20.193979723153628,82.8028601134706,68.0,20.423333333333332,82.17,0.0,57,81,63
2025-07-19 00:17:00,0,19,7,5,68,26,p2,28,82,1000,7.2,271,3,80.81,0.0,0.08,43.27,0.31,20.02,74.56,0,68,20.080502701014026,81.3956869418157,68.0,20.38333333333333,79.04666666666667,0.0,57,82,62
2025-07-19 01:17:00,1,19,7,5,63,22,p2,28,83,1000,7.32,273,3,81.19,0.0,0.08,43.4,0.31,19.9,74.98,0,68,20.04467288341047,80.29859351161811,68.0,19.99,75.36333333333333,0.0,58,82,62
2025-07-19 02:17:00,2,19,7,5,67,25,p2,28,82,1000,7.81,276,3,81.54,0.0,0.08,43.62,0.31,19.67,74.69,0,68,19.959249515006682,79.29477701402583,68.0,19.863333333333333,74.74333333333334,0.0,58,82,62
2025-07-19 03:17:00,3,19,7,5,63,23,p2,28,81,1001,7.83,275,3,81.95,0.0,0.09,43.9,0.3,19.43,73.18,0,67,19.90676454201754,77.98526825606692,67.66666666666667,19.666666666666668,74.28333333333335,-0.014705882352941124,58,81,62
2025-07-19 04:17:00,4,19,7,5,69,27,p2,28,79,1000,7.62,270,3,81.77,0.01,0.08,43.93,0.3,19.41,73.0,0,67,19.866892748412138,76.98325821841317,67.33333333333333,19.503333333333334,73.62333333333333,0.0,58,81,62
2025-07-19 05:17:00,5,19,7,5,63,22,p2,29,78,1000,7.13,263,3,81.11,0.01,0.07,43.5,0.3,20.02,76.17,0,67,19.904299739917505,76.69603767566811,67.0,19.62,74.11666666666667,0.0,58,80,61
2025-07-19 06:17:00,6,19,7,5,69,27,p2,29,77,1000,6.81,260,3,80.0,0.01,0.07,42.75,0.31,21.06,81.46,0,68,20.05717804735884,77.35260103341776,67.33333333333333,20.16333333333333,76.87666666666667,0.014925373134328401,59,80,61
2025-07-19 07:17:00,7,19,7,5,82,37,p2,29,78,999,7.76,262,3,78.81,0.01,0.06,41.96,0.33,22.16,87.24,0,68,20.396271786129923,78.97950594553792,67.66666666666667,21.08,81.62333333333333,0.0,61,79,60
2025-07-19 08:17:00,8,19,7,5,69,27,p2,29,77,998,7.49,261,3,77.54,0.01,0.06,41.29,0.34,22.91,91.6,0,69,20.89405783035416,81.86276591317568,68.33333333333333,22.043333333333333,86.76666666666665,0.014705882352941124,64,78,59
2025-07-19 09:17:00,9,19,7,5,75,31,p2,29,75,998,7.59,259,3,76.74,0.01,0.06,40.73,0.34,23.32,94.59,0,71,21.409088841388503,85.22596837237306,69.33333333333333,22.796666666666667,91.14333333333333,0.02898550724637672,68,77,58
2025-07-19 10:17:00,10,19,7,5,79,34,p2,29,75,997,7.94,254,4,76.58,0.01,0.06,40.85,0.36,24.45,101.35,0,72,22.22288176021699,90.73388203254386,70.66666666666667,23.560000000000002,95.84666666666665,0.014084507042253502,70,76,57
2025-07-19 11:17:00,11,19,7,5,67,25,p2,29,75,997,7.76,245,3,76.56,0.01,0.07,40.5,0.36,23.34,97.14,0,73,22.49849126759839,92.64035713694136,72.0,23.703333333333333,97.69333333333334,0.01388888888888884,72,75,56
2025-07-19 12:17:00,12,19,7,5,62,22,p2,29,77,997,7.93,244,3,76.72,0.01,0.08,40.59,0.37,22.83,96.61,0,73,22.60554534157821,93.87341358928289,72.66666666666667,23.540000000000003,98.36666666666666,0.0,73,75,55
2025-07-19 13:17:00,13,19,7,5,69,27,p2,28,80,997,8.35,236,3,78.63,0.0,0.08,40.54,0.32,21.01,78.36,0,72,22.29194216045704,89.55274493360308,72.66666666666667,22.39333333333333,90.70333333333333,-0.013698630136986356,73,74,56
2025-07-19 14:17:00,14,19,7,5,65,24,p2,28,81,997,8.29,235,3,80.06,0.0,0.08,41.32,0.32,19.8,74.52,0,71,21.780056988443825,85.34678382874594,72.0,21.213333333333335,83.16333333333334,-0.01388888888888884,73,70,56
2025-07-19 15:17:00,15,19,7,5,70,27,p2,28,81,998,6.77,228,3,81.72,0.0,0.09,42.05,0.33,18.26,70.16,0,69,20.820105474056962,80.35085009957724,70.66666666666667,19.69,74.34666666666665,-0.028169014084507005,73,68,56
2025-07-19 16:17:00,16,19,7,5,69,27,p2,28,82,998,6.62,218,3,83.79,0.0,0.09,42.72,0.33,16.54,65.3,0,66,19.18531194362741,74.16601091549752,68.66666666666667,18.2,69.99333333333333,-0.04347826086956519,73,67,56
2025-07-19 17:17:00,17,19,7,5,75,31,p2,28,82,998,7.55,252,3,85.9,0.0,0.08,43.27,0.34,15.03,60.86,0,62,17.31273530627697,68.06857617401292,65.66666666666667,16.61,65.44,-0.06060606060606055,73,66,56
2025-07-19 18:17:00,18,19,7,5,83,38,p2,28,82,999,7.1,251,3,87.79,0.0,0.09,43.47,0.36,14.44,59.52,0,59,16.024871012902825,64.30863333375868,62.333333333333336,15.336666666666666,61.89333333333334,-0.048387096774193505,73,65,56
2025-07-19 19:17:00,19,19,7,5,78,33,p2,28,82,999,6.34,262,3,89.22,0.0,0.09,43.34,0.38,14.35,57.75,0,58,15.312801796655133,61.2430865167701,59.666666666666664,14.606666666666667,59.376666666666665,-0.016949152542372836,74,64,56
2025-07-19 20:17:00,20,19,7,5,74,31,p2,28,81,998,5.77,268,3,90.28,0.0,0.09,43.17,0.38,14.65,57.97,0,57,15.03329651546487,59.818061296892594,58.0,14.479999999999999,58.413333333333334,-0.017241379310344862,75,64,56
2025-07-19 21:17:00,21,19,7,5,71,28,p2,28,81,997,6.78,256,3,90.71,0.0,0.1,42.98,0.38,14.83,58.93,0,57,14.943448330653716,59.41803155488677,57.333333333333336,14.61,58.21666666666666,0.0,77,64,56
2025-07-19 22:17:00,22,19,7,5,67,25,p2,28,82,997,7.78,272,3,90.22,0.0,0.1,42.78,0.37,14.84,60.3,0,57,14.938048668619132,59.877612514008625,57.0,14.773333333333333,59.06666666666666,0.0,79,63,57
2025-07-19 23:17:00,23,19,7,5,64,23,p2,28,81,997,7.36,268,3,88.53,0.0,0.1,42.19,0.37,14.94,62.31,0,57,14.943572578915994,60.83630154368857,57.0,14.87,60.51333333333333,0.0,81,63,57
2025-07-20 00:17:00,0,20,7,6,64,23,p2,28,81,998,6.75,273,3,85.95,0.0,0.1,41.11,0.37,15.39,64.95,0,57,15.11779779862845,62.09546801801778,57.0,15.056666666666667,62.52,0.0,82,62,58
2025-07-20 01:17:00,1,20,7,6,64,23,p2,28,82,998,7.21,284,3,83.73,0.0,0.1,40.19,0.38,15.83,67.64,0,58,15.311241158516978,63.25861192094496,57.333333333333336,15.386666666666665,64.96666666666667,0.01754385964912286,82,62,58
2025-07-20 02:17:00,2,20,7,6,60,20,p2,28,82,998,8.0,285,3,82.51,0.0,0.11,39.81,0.37,15.91,67.49,0,58,15.39668819701175,63.709922368147126,57.666666666666664,15.71,66.69333333333333,0.0,82,62,58
2025-07-20 03:17:00,3,20,7,6,60,20,p2,28,82,998,8.02,282,3,81.98,0.0,0.11,39.96,0.36,15.78,64.85,0,58,15.339834222724244,63.53162969349029,58.0,15.839999999999998,66.66000000000001,0.0,81,62,58
2025-07-20 04:17:00,4,20,7,6,62,22,p2,28,80,999,5.26,282,3,81.64,0.0,0.11,40.39,0.34,15.72,62.59,0,58,15.307413779481621,63.32400682921765,58.0,15.803333333333335,64.97666666666667,0.0,81,62,58
2025-07-20 05:17:00,5,20,7,6,70,28,p2,28,78,999,4.13,284,3,81.2,0.01,0.09,40.88,0.34,16.29,64.39,0,58,15.498100934473669,63.57097686484065,58.0,15.93,63.94333333333333,0.0,80,61,58
2025-07-20 06:17:00,6,20,7,6,65,24,p2,28,79,999,4.23,265,3,80.27,0.01,0.08,41.11,0.35,17.59,71.05,0,59,16.043946064934527,65.36714446364098,58.333333333333336,16.533333333333335,66.01,0.01724137931034475,80,61,59
2025-07-20 07:17:00,7,20,7,6,64,23,p2,28,79,998,4.51,264,3,78.78,0.01,0.07,41.1,0.36,19.44,81.55,0,61,17.0566509048826,70.78341545177402,59.333333333333336,17.773333333333333,72.33,0.03389830508474567,79,60,60
2025-07-20 08:17:00,8,20,7,6,65,24,p2,28,79,998,3.93,259,3,77.15,0.01,0.06,40.88,0.37,21.2,92.05,0,64,18.504965789634756,79.34586612960521,61.333333333333336,19.41,81.55,0.049180327868852514,78,59,62
2025-07-20 09:17:00,9,20,7,6,60,20,p2,28,79,997,4.29,270,3,76.25,0.01,0.06,40.86,0.37,22.38,98.34,0,68,19.987160076151774,87.24015432121149,64.33333333333333,21.006666666666664,90.64666666666666,0.0625,77,58,63
2025-07-20 10:17:00,10,20,7,6,65,24,p2,28,78,997,3.91,277,4,76.28,0.01,0.05,41.39,0.36,23.17,102.29,0,70,21.22101044675439,93.25286690137668,67.33333333333333,22.25,97.56,0.02941176470588225,76,57,64
2025-07-20 11:17:00,11,20,7,6,66,25,p2,28,79,997,4.8,259,4,76.77,0.01,0.05,42.46,0.35,23.45,102.91,0,72,21.948304687780237,97.09802065347202,70.0,23.0,101.18,0.02857142857142847,75,56,64
2025-07-20 12:17:00,12,20,7,6,63,22,p2,28,80,997,4.5,261,4,78.22,0.01,0.06,44.89,0.33,23.34,100.54,0,73,22.35995395382124,98.4823992485217,71.66666666666667,23.320000000000004,101.91333333333334,0.01388888888888884,75,55,63
2025-07-20 13:17:00,13,20,7,6,62,21,p2,28,81,997,4.62,254,4,76.52,0.01,0.08,44.73,0.36,23.35,102.62,0,73,22.706895834163095,100.13870750875387,72.66666666666667,23.38,102.02333333333333,0.0,74,56,61
2025-07-20 14:17:00,14,20,7,6,62,21,p2,28,82,997,4.88,250,4,75.49,0.0,0.09,45.21,0.37,22.81,101.79,0,73,22.759771173852055,100.8201992143242,73.0,23.166666666666668,101.65000000000002,0.0,70,56,60
2025-07-20 15:17:00,15,20,7,6,64,23,p2,28,83,998,5.15,235,3,74.75,0.0,0.1,45.66,0.38,22.34,99.89,0,73,22.639356450145716,100.49101062426566,73.0,22.833333333333332,101.43333333333334,0.0,68,56,61
2025-07-20 16:17:00,16,20,7,6,71,28,p2,28,85,998,5.67,241,3,74.78,0.0,0.1,46.2,0.38,22.01,98.01,0,73,22.444787488837132,99.54604375689019,73.0,22.386666666666667,99.89666666666666,0.0,67,56,63
2025-07-20 18:17:00,18,20,7,6,73,30,p2,28,85,999,5.73,242,3,76.28,0.0,0.09,47.73,0.39,22.51,99.96,0,73,22.479497020986564,99.67866152079856,73.0,22.286666666666665,99.28666666666668,0.0,66,56,68
2025-07-20 19:17:00,19,20,7,6,71,29,p2,28,84,998,5.73,252,4,76.74,0.0,0.09,48.2,0.39,23.21,104.2,0,73,22.659977874568867,100.73311694227048,73.0,22.576666666666668,100.72333333333334,0.0,65,56,74
2025-07-20 20:17:00,20,20,7,6,73,30,p2,28,84,998,5.72,255,4,77.21,0.0,0.09,48.44,0.39,24.14,110.2,0,74,22.952666374817664,102.60810603044138,73.33333333333333,23.286666666666665,104.78666666666668,0.013698630136986356,64,56,79
2025-07-20 21:17:00,21,20,7,6,70,28,p2,28,84,998,5.76,259,4,77.05,0.0,0.09,48.24,0.39,25.55,118.84,0,75,23.449202691290203,106.05607474573304,74.0,24.3,111.08,0.013513513513513598,64,56,81
2025-07-20 22:17:00,22,20,7,6,65,24,p2,28,84,998,5.52,256,4,76.55,0.0,0.09,47.87,0.39,27.11,126.81,0,77,24.31977518096313,111.86144865402734,75.33333333333333,25.599999999999998,118.61666666666667,0.026666666666666616,64,56,81
2025-07-20 23:17:00,23,20,7,6,67,26,p2,28,84,998,5.5,256,4,75.68,0.0,0.09,47.42,0.39,28.22,130.25,0,79,25.360701249994058,117.13478023916039,77.0,26.959999999999997,125.3,0.025974025974025983,63,57,79
2025-07-21 00:17:00,0,21,7,0,70,27,p2,27,85,998,5.64,257,4,74.75,0.0,0.09,47.09,0.38,28.55,129.04,0,81,26.19355482664027,120.30201283994387,79.0,27.959999999999997,128.7,0.025316455696202445,63,57,77
2025-07-21 01:17:00,1,21,7,0,69,27,p2,28,86,999,5.63,259,4,74.11,0.0,0.09,47.0,0.37,27.86,120.69,0,82,26.62302711282006,120.56801308418454,80.66666666666667,28.209999999999997,126.65999999999998,0.012345679012345734,62,58,75
2025-07-21 02:17:00,2,21,7,0,61,21,p2,28,84,1000,5.48,257,4,73.59,0.0,0.09,47.08,0.36,26.97,110.28,0,82,26.740740410264845,118.08609468044946,81.66666666666667,27.793333333333333,120.00333333333333,0.0,62,58,73
2025-07-21 03:17:00,3,21,7,0,67,25,p2,28,81,1000,5.87,258,4,73.06,0.0,0.09,47.13,0.35,26.3,103.03,0,82,26.67663784401086,114.36980934641595,82.0,27.043333333333333,111.33333333333333,0.0,62,58,73
2025-07-21 04:17:00,4,21,7,0,70,28,p2,29,79,1000,5.83,251,3,72.49,0.01,0.08,47.26,0.34,25.49,96.56,0,81,26.438080394583864,109.66563496092581,81.66666666666667,26.25333333333333,103.29,-0.012195121951219523,62,58,74
2025-07-21 05:17:00,5,21,7,0,70,27,p2,29,77,1000,6.22,245,3,72.19,0.01,0.07,47.48,0.35,25.38,96.75,0,81,26.242120980994876,106.31568735439566,81.33333333333333,25.723333333333333,98.78000000000002,0.0,62,58,75
2025-07-21 06:17:00,6,21,7,0,67,25,p2,29,77,1000,5.59,242,3,72.45,0.01,0.06,47.55,0.32,23.95,90.24,0,80,25.843463994651216,100.30960113374518,80.66666666666667,24.939999999999998,94.51666666666667,-0.012345679012345734,61,58,75
2025-07-21 07:17:00,7,21,7,0,67,25,p2,29,77,999,6.45,243,3,72.32,0.01,0.05,47.38,0.33,24.49,99.71,0,80,25.70730130960096,100.10833851802374,80.33333333333333,24.606666666666666,95.56666666666666,0.0,61,59,76
2025-07-21 08:17:00,8,21,7,0,71,29,p2,29,77,999,6.52,246,3,72.37,0.01,0.04,46.78,0.32,23.51,97.67,0,79,25.261052354789022,99.31167458858566,79.66666666666667,23.983333333333334,95.87333333333333,-0.012499999999999956,60,60,77
2025-07-21 09:17:00,9,21,7,0,71,28,p2,29,77,999,6.68,251,3,72.24,0.01,0.04,46.14,0.32,23.25,99.97,0,78,24.81069062178098,99.44212460405159,79.0,23.75,99.11666666666666,-0.012658227848101222,59,62,78
2025-07-21 10:17:00,10,21,7,0,71,28,p2,29,77,999,6.49,249,4,72.17,0.01,0.04,45.68,0.32,23.07,102.44,0,77,24.382942627599977,100.2703144365825,78.0,23.27666666666667,100.02666666666666,-0.012820512820512775,58,63,79
2025-07-21 11:17:00,11,21,7,0,77,33,p2,29,78,999,6.29,250,4,71.91,0.01,0.04,45.36,0.33,22.92,104.02,0,76,23.990775915890236,101.30566859999696,77.0,23.080000000000002,102.14333333333332,-0.012987012987012991,57,64,77
2025-07-21 12:17:00,12,21,7,0,73,30,p2,29,79,999,6.01,248,4,71.3,0.01,0.05,45.32,0.33,22.69,103.99,0,75,23.69527016795405,101.74698414473248,76.0,22.893333333333334,103.48333333333333,-0.013157894736842146,56,64,75
2025-07-21 13:17:00,13,21,7,0,76,32,p2,29,79,999,6.04,238,4,71.11,0.0,0.06,45.59,0.34,22.3,100.97,0,75,23.390052209192163,101.0448460329723,75.33333333333333,22.636666666666667,102.99333333333334,0.0,55,63,73
2025-07-21 14:17:00,14,21,7,0,71,29,p2,28,81,999,6.38,237,3,71.0,0.0,0.07,46.06,0.34,21.8,97.27,0,74,23.020934034474834,99.96345033825871,74.66666666666667,22.263333333333335,100.74333333333334,-0.013333333333333308,56,61,71
2025-07-21 15:17:00,15,21,7,0,69,27,p2,28,82,1000,6.34,232,3,74.47,0.0,0.07,48.41,0.27,17.9,71.11,0,70,21.162626376460203,90.91743853253504,73.0,20.666666666666668,89.78333333333332,-0.05405405405405406,56,60,70
2025-07-21 16:17:00,16,21,7,0,67,25,p2,28,82,1001,5.96,241,3,74.34,0.0,0.07,48.66,0.28,18.03,74.06,0,68,20.218696286592614,85.50911849608093,70.66666666666667,19.243333333333336,80.81333333333333,-0.02857142857142858,56,61,69
2025-07-21 17:17:00,17,21,7,0,91,44,p2,28,81,1001,5.32,251,3,74.36,0.0,0.07,49.11,0.29,17.86,74.93,0,67,19.65781720539364,82.08940737231117,68.33333333333333,17.930000000000003,73.36666666666667,-0.014705882352941124,56,63,69
2025-07-21 18:17:00,18,21,7,0,78,34,p2,28,80,1001,4.29,262,3,74.58,0.0,0.07,49.74,0.29,17.64,74.52,0,66,19.012156219918435,79.64222984152539,67.0,17.843333333333334,74.50333333333333,-0.014925373134328401,56,68,70
2025-07-21 19:17:00,19,21,7,0,79,34,p2,28,80,1001,4.57,264,3,74.64,0.0,0.07,50.23,0.3,17.51,73.79,0,65,18.699630844280506,77.70436313627704,66.0,17.669999999999998,74.41333333333334,-0.015151515151515138,56,74,73
2025-07-21 20:17:00,20,21,7,0,79,34,p2,28,80,1001,4.54,261,3,74.68,0.0,0.07,50.7,0.31,17.61,73.73,0,64,18.420160685374597,76.36721327684019,65.0,17.58666666666667,74.01333333333334,-0.01538461538461533,56,79,75
2025-07-21 21:17:00,21,21,7,0,68,26,p2,28,80,1000,4.56,254,3,74.63,0.0,0.07,51.04,0.32,17.71,73.97,0,64,18.222517408844837,75.52218332473262,64.33333333333333,17.610000000000003,73.83,0.0,56,81,77
2025-07-21 22:17:00,22,21,7,0,64,23,p2,28,80,1000,4.64,261,3,74.58,0.0,0.07,51.18,0.31,17.66,74.24,0,64,18.0536457815548,75.02260081990964,64.0,17.66,73.98,0.0,56,81,78
2025-07-21 23:17:00,23,21,7,0,63,23,p2,28,80,1000,5.04,269,3,74.42,0.0,0.07,51.26,0.31,17.51,74.97,0,63,17.8920329660144,74.91028106267838,63.666666666666664,17.62666666666667,74.39333333333333,-0.015625,57,79,79
2025-07-22 01:17:00,1,22,7,1,60,20,p2,28,81,1001,4.9,275,3,73.93,0.0,0.07,51.13,0.3,17.09,76.38,0,63,17.63840842350145,75.30929733106255,63.333333333333336,17.42,75.19666666666666,0.0,57,77,79
2025-07-22 02:17:00,2,22,7,1,61,20,p2,28,80,1001,5.2,263,3,73.66,0.0,0.08,51.14,0.3,16.98,75.78,0,62,17.451267010585894,75.31850964936844,62.666666666666664,17.193333333333335,75.71,-0.015873015873015928,58,75,79
2025-07-22 03:17:00,3,22,7,1,64,23,p2,28,79,1001,5.17,253,3,73.36,0.01,0.07,51.1,0.3,16.91,74.03,0,62,17.464119146664654,74.46532098907555,62.333333333333336,16.993333333333336,75.39666666666666,0.0,58,73,79
2025-07-22 04:17:00,4,22,7,1,66,24,p2,29,77,1002,4.97,246,3,72.9,0.01,0.06,50.92,0.29,16.81,72.28,0,62,17.35783234016601,74.37958331055803,62.0,16.9,74.03000000000002,0.0,58,73,79
2025-07-22 05:17:00,5,22,7,1,88,41,p2,29,75,1002,5.41,242,3,72.44,0.01,0.05,50.42,0.29,16.84,71.34,0,62,17.272814777663758,74.03342403092518,62.0,16.853333333333335,72.55,0.0,58,74,79
2025-07-22 06:17:00,6,22,7,1,71,29,p2,29,75,1001,5.5,240,3,72.04,0.01,0.04,49.46,0.28,16.8,69.85,0,62,17.195605482194107,73.40713226773092,62.0,16.816666666666666,71.15666666666668,0.0,58,75,79
2025-07-22 07:17:00,7,22,7,1,77,33,p2,30,74,1001,6.1,238,3,71.82,0.01,0.04,48.15,0.27,16.52,67.16,0,61,17.07478876968234,72.26293986881909,61.666666666666664,16.72,69.44999999999999,-0.016129032258064502,58,75,80
2025-07-22 08:17:00,8,22,7,1,70,28,p2,30,75,1000,6.28,241,3,71.68,0.01,0.04,46.67,0.27,16.16,63.55,0,61,16.91107963345383,70.24713534816911,61.333333333333336,16.493333333333332,66.85333333333334,0.0,59,76,80
2025-07-22 10:17:00,10,22,7,1,66,25,p2,30,75,999,7.25,247,3,72.03,0.01,0.03,44.07,0.26,14.56,54.11,0,60,16.31937774978205,64.27721872749889,60.666666666666664,15.746666666666668,61.60666666666666,-0.016393442622950838,60,77,81
2025-07-22 11:17:00,11,22,7,1,66,24,p2,30,76,999,7.32,244,3,72.14,0.01,0.04,43.18,0.26,14.12,50.87,0,59,15.774534496274072,59.125496923141306,60.0,14.946666666666667,56.17666666666667,-0.01666666666666672,62,78,81
2025-07-22 12:17:00,12,22,7,1,64,23,p2,29,78,998,7.65,245,2,72.07,0.01,0.05,42.54,0.27,14.22,49.85,0,58,15.440186841731542,55.631564871216035,59.0,14.299999999999999,51.60999999999999,-0.016949152542372836,63,79,82
2025-07-22 13:17:00,13,22,7,1,70,28,p2,29,80,999,7.72,245,2,72.08,0.0,0.06,42.95,0.24,13.27,43.21,0,57,14.814107420766108,49.16941712461245,58.0,13.87,47.97666666666667,-0.017241379310344862,64,77,82
2025-07-22 14:17:00,14,22,7,1,65,24,p2,29,82,999,7.32,245,2,72.35,0.0,0.07,42.58,0.25,13.27,42.09,0,56,14.448996171293807,45.89251709579367,57.0,13.586666666666666,45.050000000000004,-0.01754385964912286,64,75,83
2025-07-22 15:17:00,15,22,7,1,73,30,p2,28,83,999,7.59,239,2,72.85,0.0,0.07,42.41,0.26,13.54,43.84,0,55,14.22237230391067,45.127147417310745,56.0,13.36,43.046666666666674,-0.017857142857142905,63,73,82
2025-07-22 16:17:00,16,22,7,1,79,34,p2,28,84,999,8.02,238,3,73.43,0.0,0.07,42.45,0.29,15.08,53.46,0,56,14.391125840680726,48.700030049435114,55.666666666666664,13.963333333333333,46.46333333333333,0.018181818181818077,61,71,81
2025-07-22 17:17:00,17,22,7,1,81,36,p2,28,85,1000,7.98,244,3,74.68,0.0,0.07,42.96,0.28,13.99,50.78,0,56,14.269734465952343,49.536495414037,55.666666666666664,14.203333333333333,49.35999999999999,0.0,60,70,80
2025-07-22 18:17:00,18,22,7,1,73,30,p2,28,85,1000,7.78,246,3,76.03,0.0,0.07,43.71,0.3,14.49,55.41,0,56,14.287547756707486,51.840845708473516,56.0,14.520000000000001,53.21666666666666,0.0,61,69,80
2025-07-22 19:17:00,19,22,7,1,71,28,p2,28,85,1000,8.11,245,3,77.44,0.0,0.07,44.53,0.31,14.91,56.95,0,56,14.390009836783635,53.62509183957135,56.0,14.463333333333333,54.379999999999995,0.0,63,69,81
2025-07-22 20:17:00,20,22,7,1,75,32,p2,28,84,1000,8.11,247,3,78.96,0.0,0.07,45.51,0.3,15.02,54.24,0,56,14.472762378677558,53.57272085829797,56.0,14.806666666666667,55.53333333333333,0.0,68,70,82
2025-07-22 21:17:00,21,22,7,1,62,21,p2,28,83,1000,8.06,251,2,80.51,0.0,0.07,46.34,0.28,14.83,49.65,0,56,14.4278138154385,51.97784586867452,56.0,14.92,53.61333333333334,0.0,74,73,84
2025-07-22 22:17:00,22,22,7,1,61,21,p2,28,83,999,8.14,251,2,81.56,0.0,0.07,47.03,0.27,14.67,48.74,0,56,14.460511385708068,51.09476195856302,56.0,14.839999999999998,50.876666666666665,0.0,79,75,85
2025-07-22 23:17:00,23,22,7,1,64,23,p2,28,83,998,8.08,248,3,82.17,0.0,0.07,47.43,0.28,14.81,50.65,0,56,14.525221788032416,50.97714368673544,56.0,14.770000000000001,49.68,0.0,81,77,87
2025-07-23 00:17:00,0,23,7,2,58,19,p2,27,83,998,7.65,248,3,82.47,0.0,0.07,47.67,0.28,15.03,52.4,0,56,14.612529756531277,51.36656474539753,56.0,14.836666666666668,50.596666666666664,0.0,81,78,88
2025-07-23 01:17:00,1,23,7,2,56,17,p2,28,82,998,7.66,254,3,82.55,0.0,0.07,48.05,0.29,15.07,51.65,0,57,14.726818750726204,51.5006086922895,56.333333333333336,14.969999999999999,51.56666666666666,0.017857142857142794,79,79,89
2025-07-23 02:17:00,2,23,7,2,58,19,p2,28,82,999,7.97,257,3,82.5,0.0,0.08,48.51,0.3,15.3,53.45,0,57,14.85722295675496,52.056102671286716,56.666666666666664,15.133333333333333,52.5,0.0,77,79,90
2025-07-23 03:17:00,3,23,7,2,58,19,p2,28,82,999,8.14,255,3,81.75,0.0,0.08,49.25,0.33,16.95,65.07,0,58,15.339643219743445,55.51053825409383,57.333333333333336,15.773333333333333,56.72333333333333,0.01754385964912286,75,79,91
2025-07-23 04:17:00,4,23,7,2,60,20,p2,28,80,999,8.15,251,3,81.86,0.0,0.08,49.98,0.32,15.91,60.42,0,58,15.455341010687263,56.79885777722764,57.666666666666664,16.05333333333333,59.64666666666667,0.0,73,79,91
2025-07-23 05:17:00,5,23,7,2,58,18,p2,29,78,999,8.4,250,3,81.76,0.01,0.06,50.94,0.32,15.64,61.5,0,58,15.469806442307421,58.06527906169948,58.0,16.166666666666668,62.330000000000005,0.0,73,79,92
2025-07-23 06:17:00,6,23,7,2,62,22,p2,29,77,999,8.43,251,3,81.62,0.01,0.05,51.6,0.32,15.39,62.55,0,58,15.469162772294204,59.24845986236302,58.0,15.646666666666667,61.49,0.0,74,79,92
2025-07-23 07:17:00,7,23,7,2,73,30,p2,29,77,998,8.39,251,3,80.86,0.01,0.05,51.64,0.33,15.44,66.24,0,58,15.480536203912518,61.290718468502575,58.0,15.49,63.43,0.0,75,79,92
2025-07-23 08:17:00,8,23,7,2,65,24,p2,29,76,997,8.98,249,3,79.22,0.01,0.04,50.85,0.35,16.07,70.91,0,58,15.590130724677394,64.84846664627294,58.0,15.633333333333333,66.56666666666666,0.0,75,80,92
2025-07-23 09:17:00,9,23,7,2,67,25,p2,29,77,997,8.98,251,3,77.35,0.01,0.04,49.45,0.37,16.88,73.92,0,59,15.822799856436749,68.30540060041203,58.333333333333336,16.13,70.35666666666667,0.01724137931034475,76,80,92
2025-07-23 10:17:00,10,23,7,2,64,23,p2,29,78,996,8.99,252,3,74.87,0.01,0.04,47.98,0.41,18.66,81.8,0,60,16.553876353447425,73.91746473565206,59.0,17.203333333333333,75.54333333333334,0.016949152542372836,77,81,92
2025-07-23 11:17:00,11,23,7,2,67,25,p2,29,79,996,9.06,250,3,74.01,0.01,0.05,46.99,0.43,19.25,84.02,0,62,17.231135755959517,77.90798238690812,60.333333333333336,18.263333333333332,79.91333333333334,0.03333333333333344,78,81,92
2025-07-23 12:17:00,12,23,7,2,62,21,p2,29,80,995,8.79,244,3,73.86,0.01,0.05,46.6,0.45,19.63,85.51,0,63,17.88173051503347,81.09529199769298,61.666666666666664,19.179999999999996,83.77666666666666,0.016129032258064502,79,82,92
2025-07-23 13:17:00,13,23,7,2,57,17,p2,29,81,995,8.78,240,3,74.28,0.0,0.06,46.79,0.44,19.11,82.79,0,64,18.150857623426294,81.49532334138067,63.0,19.33,84.10666666666667,0.015873015873015817,77,82,92
2025-07-23 14:17:00,14,23,7,2,61,20,p2,28,82,996,9.02,234,3,75.14,0.0,0.07,47.36,0.45,18.81,82.09,0,64,18.318623649477946,80.72604727908319,63.666666666666664,19.183333333333334,83.46333333333335,0.0,75,83,93
2025-07-23 15:17:00,15,23,7,2,60,20,p2,28,84,996,9.09,233,3,75.05,0.0,0.07,46.0,0.41,15.64,66.5,0,63,17.72392265785643,76.55849805625044,63.666666666666664,17.853333333333335,77.12666666666667,-0.015625,73,82,93
2025-07-23 16:17:00,16,23,7,2,60,20,p2,28,85,997,8.56,235,3,75.75,0.0,0.08,46.26,0.41,14.7,62.59,0,61,16.964545824162975,72.66956313043687,62.666666666666664,16.383333333333336,70.39333333333333,-0.031746031746031744,71,81,93
2025-07-23 17:17:00,17,23,7,2,67,25,p2,28,84,997,8.2,242,3,76.56,0.0,0.08,46.55,0.42,15.21,65.05,0,60,16.5204318833769,70.7812968087366,61.333333333333336,15.183333333333332,64.71333333333334,-0.016393442622950838,70,80,94
2025-07-23 18:17:00,18,23,7,2,69,27,p2,28,83,997,7.35,244,3,77.45,0.0,0.08,46.93,0.44,17.48,75.44,0,61,16.778272167760004,72.12012971171124,60.666666666666664,15.796666666666667,67.69333333333333,0.016666666666666607,69,80,97
2025-07-23 19:17:00,19,23,7,2,66,24,p2,28,83,997,7.31,244,3,78.53,0.0,0.08,47.26,0.45,20.71,89.18,0,63,17.88843193271081,77.10297162784387,61.333333333333336,17.8,76.55666666666667,0.032786885245901676,69,81,100
2025-07-23 20:17:00,20,23,7,2,68,26,p2,28,83,996,7.52,244,4,79.94,0.0,0.08,47.66,0.45,23.81,101.66,0,68,20.32977727591691,87.22958168037,64.0,20.666666666666668,88.75999999999999,0.0793650793650793,70,82,103
2025-07-23 21:17:00,21,23,7,2,64,23,p2,28,83,996,7.66,245,4,80.87,0.0,0.08,47.81,0.45,26.26,110.86,0,74,23.190944608882994,98.46141813451116,68.33333333333333,23.593333333333334,100.56666666666666,0.08823529411764697,73,84,105
2025-07-23 22:17:00,22,23,7,2,62,21,p2,28,83,995,7.82,248,4,81.03,0.0,0.08,47.77,0.44,27.53,115.64,0,79,25.345970578270833,106.84462207193603,73.66666666666667,25.866666666666664,109.38666666666666,0.06756756756756754,75,85,106
2025-07-23 23:17:00,23,23,7,2,56,17,p2,28,84,995,8.07,252,4,80.49,0.0,0.08,47.57,0.44,27.43,114.18,0,81,26.31925449666783,110.21848696898311,78.0,27.073333333333334,113.56,0.025316455696202445,77,87,106
2025-07-24 00:17:00,0,24,7,3,53,15,p2,28,84,995,7.91,255,4,79.83,0.0,0.08,47.45,0.43,26.25,109.03,0,81,26.28863756725887,109.68009122858824,80.33333333333333,27.070000000000004,112.95,0.0,78,88,106
2025-07-24 01:17:00,1,24,7,3,58,18,p2,28,84,996,7.22,258,4,79.32,0.0,0.08,47.53,0.43,24.73,104.2,0,79,25.5636624563712,107.17230426247534,80.33333333333333,26.136666666666667,109.13666666666667,-0.024691358024691357,79,89,105
2025-07-24 02:17:00,2,24,7,3,51,13,p2,28,83,996,7.0,254,4,78.74,0.0,0.08,47.74,0.43,23.25,101.18,0,77,24.486522197026797,104.42886576745907,79.0,24.743333333333336,104.80333333333334,-0.025316455696202556,79,90,104
2025-07-24 03:17:00,3,24,7,3,62,22,p2,28,80,997,6.74,249,3,78.02,0.0,0.08,47.93,0.44,22.11,98.18,0,75,23.380595460619315,101.57138226828286,77.0,23.363333333333333,101.18666666666667,-0.025974025974025983,79,91,103
2025-07-24 04:17:00,4,24,7,3,61,21,p2,28,79,997,6.24,245,3,77.25,0.01,0.08,48.03,0.44,21.66,97.9,0,73,22.6494413767408,100.08953494397369,75.0,22.34,99.08666666666666,-0.026666666666666616,79,91,101
2025-07-24 05:17:00,5,24,7,3,61,20,p2,29,77,998,6.29,241,4,76.27,0.01,0.07,47.96,0.44,22.08,101.36,0,73,22.658183731477926,101.14261521067344,73.66666666666667,21.95,99.14666666666666,0.0,79,92,98
2025-07-24 06:17:00,6,24,7,3,59,19,p2,29,76,997,6.8,241,4,75.42,0.01,0.06,47.76,0.44,22.89,105.97,0,74,23.10596894739853,103.16139498258768,73.33333333333333,22.209999999999997,101.74333333333334,0.013698630136986356,79,92,95
2025-07-24 07:17:00,7,24,7,3,60,20,p2,30,74,997,6.94,240,4,74.9,0.01,0.06,47.43,0.44,23.86,110.73,0,75,23.413585998230648,105.1426824438881,74.0,22.94333333333333,106.02,0.013513513513513598,79,92,93
2025-07-24 08:17:00,8,24,7,3,77,33,p2,30,73,996,6.78,240,4,74.43,0.01,0.05,46.79,0.43,24.75,114.84,0,75,23.710487903056446,106.94736125985845,74.66666666666667,23.833333333333332,110.51333333333332,0.0,80,92,92
2025-07-24 09:17:00,9,24,7,3,66,24,p2,30,72,996,7.03,246,4,74.3,0.01,0.05,46.02,0.43,25.57,118.32,0,76,24.098205517356593,109.14287777455256,75.33333333333333,24.72666666666667,114.63,0.01333333333333342,80,92,92
2025-07-24 10:17:00,10,24,7,3,60,20,p2,30,72,995,6.95,252,4,74.61,0.01,0.05,45.52,0.42,26.27,121.21,0,77,24.536252152726156,111.79527254755247,76.0,25.53,118.12333333333333,0.013157894736842035,81,92,93
2025-07-24 11:17:00,11,24,7,3,61,21,p2,30,72,995,6.69,251,4,75.13,0.01,0.05,45.44,0.43,26.61,122.06,0,78,24.84883208274508,114.05203621788517,77.0,26.150000000000002,120.52999999999999,0.01298701298701288,81,92,94
2025-07-24 12:17:00,12,24,7,3,59,20,p2,29,72,994,6.51,249,4,75.65,0.01,0.06,45.59,0.43,26.66,121.47,0,79,25.201155069367868,115.70815202283423,78.0,26.513333333333332,121.58,0.012820512820512775,82,92,96
2025-07-24 13:17:00,13,24,7,3,54,15,p2,29,73,995,6.18,241,3,76.88,0.01,0.06,45.26,0.38,21.93,90.99,0,77,24.540307624594835,110.39869104910748,78.0,25.066666666666666,111.50666666666666,-0.025316455696202556,82,92,97
2025-07-24 14:17:00,14,24,7,3,60,20,p2,29,75,995,6.06,239,3,77.47,0.0,0.08,45.6,0.38,20.83,86.77,0,75,23.73343820195141,103.27016357557766,77.0,23.14,99.74333333333334,-0.025974025974025983,83,93,99
2025-07-24 15:17:00,15,24,7,3,60,20,p2,29,77,996,6.6,238,3,78.1,0.0,0.08,46.05,0.38,19.87,82.94,0,73,22.652643571936707,96.04133190287484,75.0,20.876666666666665,86.89999999999999,-0.026666666666666616,82,93,100
2025-07-24 16:17:00,16,24,7,3,65,24,p2,28,81,996,7.24,240,3,78.8,0.0,0.09,46.43,0.38,19.32,80.36,0,71,21.630104778476408,90.08576164220689,73.0,20.006666666666664,83.35666666666667,-0.0273972602739726,81,93,100
2025-07-24 17:17:00,17,24,7,3,64,23,p2,28,82,997,7.26,245,3,79.65,0.0,0.09,46.8,0.38,19.26,79.47,0,70,20.943905282582403,86.14692568910436,71.33333333333333,19.483333333333334,80.92333333333333,-0.014084507042253502,80,94,99
2025-07-24 18:17:00,18,24,7,3,63,22,p2,28,82,997,6.58,237,3,80.34,0.0,0.09,46.99,0.38,19.85,80.42,0,69,20.62286599787902,84.09662328741537,70.0,19.476666666666667,80.08333333333333,-0.014285714285714235,80,97,98
2025-07-24 19:17:00,19,24,7,3,63,23,p2,28,81,997,6.3,237,3,80.58,0.0,0.09,46.82,0.37,21.08,82.11,0,69,20.733836301397318,83.34516135442836,69.33333333333333,20.063333333333333,80.66666666666667,0.0,81,100,97
2025-07-24 20:17:00,20,24,7,3,64,23,p2,27,81,997,6.09,240,3,80.46,0.0,0.09,46.45,0.37,22.98,87.17,0,70,21.347168959980426,84.6234083746737,69.33333333333333,21.30333333333333,83.23333333333333,0.01449275362318847,82,103,97
2025-07-24 21:17:00,21,24,7,3,64,23,p2,27,82,997,5.78,241,3,79.94,0.0,0.09,45.75,0.39,25.23,95.89,0,73,22.422977438518558,88.50895179471226,70.66666666666667,23.096666666666664,88.38999999999999,0.04285714285714293,84,105,95
2025-07-24 22:17:00,22,24,7,3,70,27,p2,27,81,996,5.09,249,4,78.8,0.0,0.09,45.07,0.4,26.77,101.51,0,75,23.652979748277357,93.0052523382697,72.66666666666667,24.993333333333336,94.85666666666667,0.027397260273972712,85,106,94
2025-07-24 23:17:00,23,24,7,3,63,22,p2,27,80,996,5.7,254,4,77.83,0.0,0.09,44.6,0.41,26.87,100.62,0,77,24.57878686312909,95.55495592152141,75.0,26.290000000000003,99.33999999999999,0.026666666666666616,87,106,92
2025-07-25 00:17:00,0,25,7,4,60,20,p2,27,81,997,5.66,260,3,77.0,0.0,0.09,44.48,0.41,26.23,97.03,0,78,25.04415400977885,93.52745263332748,76.66666666666667,26.623333333333335,99.72000000000001,0.01298701298701288,88,106,90
2025-07-25 01:17:00,1,25,7,4,55,16,p2,27,81,997,5.49,257,3,76.23,0.0,0.09,44.72,0.42,26.48,99.1,0,79,25.474954332248306,94.83593427017803,78.0,26.52666666666667,98.91666666666667,0.012820512820512775,89,105,88
2025-07-25 02:17:00,2,25,7,4,57,17,p2,27,81,997,6.09,251,3,75.99,0.0,0.09,45.09,0.4,24.94,92.72,0,79,25.345258444601477,94.44883071640383,78.66666666666667,25.883333333333336,96.28333333333335,0.0,90,104,88
2025-07-25 03:17:00,3,25,7,4,58,18,p2,28,78,997,6.06,248,4,75.43,0.01,0.09,45.78,0.42,25.95,101.17,0,79,25.548796719124837,96.12969262758446,79.0,25.790000000000003,97.66333333333334,0.0,91,103,87
2025-07-25 04:17:00,4,25,7,4,71,28,p2,28,76,998,6.15,244,3,75.75,0.01,0.07,46.48,0.39,24.75,97.2,0,79,25.35138172360177,96.56673824941953,79.0,25.213333333333335,97.03000000000002,0.0,91,101,86
2025-07-25 05:17:00,5,25,7,4,61,20,p2,29,74,998,6.12,244,4,75.76,0.01,0.06,47.14,0.39,25.06,102.63,0,79,25.298286391068967,98.15669063057112,79.0,25.253333333333334,100.33333333333333,0.0,92,98,85
2025-07-25 06:17:00,6,25,7,4,62,21,p2,29,72,998,5.9,242,4,75.78,0.01,0.05,47.51,0.4,25.43,107.93,0,79,25.37773037438111,100.93824330657984,79.0,25.08,102.58666666666666,0.0,92,95,86
2025-07-25 07:17:00,7,25,7,4,61,21,p2,30,72,997,6.44,241,4,75.89,0.01,0.05,47.71,0.4,25.85,112.87,0,79,25.55243042082298,103.85767165293456,79.0,25.44666666666667,107.81,0.0,92,93,86
2025-07-25 08:17:00,8,25,7,4,68,26,p2,30,71,997,6.73,243,4,76.12,0.01,0.04,47.79,0.41,26.35,117.51,0,80,25.779096908177177,106.87776497879614,79.33333333333333,25.876666666666665,112.77000000000002,0.012658227848101333,92,92,87
2025-07-25 09:17:00,9,25,7,4,73,30,p2,30,72,996,7.1,247,4,76.38,0.01,0.04,47.78,0.41,26.89,121.41,0,80,25.94467957816272,111.03747862620426,79.66666666666667,26.363333333333333,117.26333333333334,0.0,92,92,88
2025-07-25 10:17:00,10,25,7,4,64,23,p2,30,73,996,7.55,249,4,76.59,0.01,0.04,48.01,0.42,27.52,124.93,0,81,26.134873264258722,115.26221591621164,80.33333333333333,26.919999999999998,121.28333333333335,0.012499999999999956,92,93,89
2025-07-25 11:17:00,11,25,7,4,61,21,p2,29,74,996,7.27,250,4,76.55,0.01,0.05,48.46,0.44,27.91,126.78,0,81,26.389620805863565,118.78049048216023,80.66666666666667,27.44,124.37333333333333,0.0,92,94,90
2025-07-25 12:17:00,12,25,7,4,57,18,p2,29,75,996,6.79,250,4,76.19,0.01,0.05,49.31,0.46,27.96,126.54,0,82,26.633733895338572,121.055191400294,81.33333333333333,27.796666666666667,126.08333333333333,0.012345679012345734,92,96,92
2025-07-25 13:17:00,13,25,7,4,63,22,p2,29,77,996,7.14,249,4,76.27,0.0,0.07,50.5,0.47,27.93,125.78,0,82,26.832686713246822,122.49637856055661,81.66666666666667,27.933333333333334,126.36666666666667,0.0,92,97,93
2025-07-25 14:17:00,14,25,7,4,64,23,p2,28,79,996,7.31,248,4,76.38,0.0,0.08,51.84,0.48,28.11,126.25,0,83,27.107040246725326,123.01723629822682,82.33333333333333,28.0,126.19,0.012195121951219523,93,99,94
2025-07-25 15:17:00,15,25,7,4,71,29,p2,28,81,997,7.03,242,3,78.78,0.0,0.08,53.31,0.4,23.72,90.69,0,82,26.641387624791815,114.46318302926392,82.33333333333333,26.586666666666662,114.24,-0.012048192771084376,93,100,94
2025-07-25 16:17:00,16,25,7,4,69,27,p2,28,83,997,7.12,235,3,78.95,0.0,0.08,54.43,0.41,24.0,90.91,0,81,26.211323140400893,107.72565347270867,82.0,25.276666666666667,102.61666666666667,-0.012195121951219523,93,100,93
2025-07-25 17:17:00,17,25,7,4,64,23,p2,28,82,998,6.52,241,3,79.14,0.0,0.08,55.26,0.42,24.79,92.18,0,80,25.98303284725321,103.24595100115049,81.0,24.17,91.26,-0.012345679012345734,94,99,92
2025-07-25 18:17:00,18,25,7,4,76,32,p2,28,82,999,6.76,254,3,78.72,0.0,0.08,55.38,0.43,26.18,95.9,0,80,26.03134685593166,101.09220616412055,80.33333333333333,24.99,92.99666666666667,0.0,97,98,91
2025-07-25 19:17:00,19,25,7,4,62,22,p2,28,83,998,7.26,247,3,77.4,0.0,0.09,54.45,0.44,27.72,99.81,0,81,26.338833525718908,100.6592456966766,80.33333333333333,26.23,95.96333333333332,0.012499999999999956,100,97,90
2025-07-25 20:17:00,20,25,7,4,74,30,p2,28,83,998,7.44,248,4,76.17,0.0,0.09,53.29,0.44,29.03,101.33,0,82,26.856601388684606,100.7659920077067,81.0,27.64333333333333,99.01333333333332,0.012345679012345734,103,97,88
2025-07-25 21:17:00,21,25,7,4,72,30,p2,28,82,997,7.52,253,4,75.14,0.0,0.09,52.33,0.44,29.99,101.76,0,84,27.588042864216042,100.94670114168899,82.33333333333333,28.913333333333338,100.96666666666668,0.024390243902439046,105,95,86
2025-07-25 22:17:00,22,25,7,4,63,22,p2,28,81,997,7.32,257,3,74.59,0.0,0.09,51.79,0.43,30.59,99.36,0,85,28.346915918053156,100.36196368387486,83.66666666666667,29.87,100.81666666666668,0.011904761904761862,106,94,83
2025-07-25 23:17:00,23,25,7,4,63,22,p2,28,81,997,7.45,265,3,74.27,0.0,0.09,51.51,0.43,31.16,97.94,0,87,29.112527789435013,99.52963734910384,85.33333333333333,30.580000000000002,99.68666666666667,0.0235294117647058,106,92,81
2025-07-26 00:17:00,0,26,7,5,56,17,p2,28,80,997,7.58,267,3,73.88,0.0,0.08,51.58,0.42,31.61,99.05,0,88,29.821184144868905,99.25192793672304,86.66666666666667,31.12,98.78333333333335,0.011494252873563315,106,90,80
2025-07-26 01:17:00,1,26,7,5,57,18,p2,27,80,997,7.53,271,3,74.12,0.0,0.08,52.05,0.41,31.52,99.85,0,89,30.274721540340355,99.2798604918221,88.0,31.429999999999996,98.94666666666666,0.011363636363636465,105,88,52
2025-07-26 02:17:00,2,26,7,5,61,21,p2,28,79,998,6.48,265,4,74.2,0.0,0.08,52.67,0.41,31.46,102.82,0,90,30.598105168720053,98.88974064453907,89.0,31.53,100.57333333333332,0.011235955056179803,104,88,65
2025-07-26 03:17:00,3,26,7,5,65,24,p2,28,78,998,6.35,255,4,73.82,0.0,0.09,52.9,0.42,31.68,108.37,0,91,30.899576573111446,101.1424182538417,90.0,31.55333333333333,103.67999999999999,0.011111111111111072,103,87,73
2025-07-26 04:17:00,4,26,7,5,61,21,p2,28,76,999,6.92,254,4,73.03,0.0,0.09,52.71,0.44,32.12,117.84,0,91,31.21000708177376,105.63972111015083,90.66666666666667,31.753333333333334,109.67666666666668,0.0,101,86,80
2025-07-26 05:17:00,5,26,7,5,64,23,p2,29,75,999,7.8,259,4,72.19,0.01,0.07,52.13,0.46,32.48,127.85,0,92,31.451666481340386,112.0006826966717,91.33333333333333,32.093333333333334,118.02,0.01098901098901095,98,85,85
2025-07-26 06:17:00,6,26,7,5,63,23,p2,29,74,998,8.21,257,4,71.09,0.01,0.06,51.43,0.48,32.5,135.45,0,92,31.593483431108808,119.38368326408184,91.66666666666667,32.36666666666667,127.04666666666667,0.0,95,86,90
2025-07-26 07:17:00,7,26,7,5,72,30,p2,29,73,998,8.24,252,4,70.28,0.01,0.05,50.64,0.5,32.17,141.4,0,92,31.682760421355447,127.2150007620262,92.0,32.38333333333333,134.89999999999998,0.0,93,86,92
2025-07-26 08:17:00,8,26,7,5,64,23,p2,29,72,998,7.78,249,4,69.79,0.01,0.05,50.02,0.51,31.67,145.78,0,92,31.72816746447599,134.0838106907438,92.0,32.11333333333334,140.87666666666667,0.0,92,87,95
2025-07-26 09:17:00,9,26,7,5,70,28,p2,29,72,997,7.91,255,4,69.71,0.01,0.05,49.54,0.51,31.25,148.79,0,92,31.737410313260337,139.62316514385103,92.0,31.69666666666667,145.32333333333335,0.0,92,88,99
2025-07-26 10:17:00,10,26,7,5,79,34,p2,29,72,997,8.03,261,4,70.11,0.01,0.05,49.17,0.51,31.07,150.75,0,92,31.725949038874603,143.8516999543642,92.0,31.330000000000002,148.44000000000003,0.0,93,89,103
2025-07-26 11:17:00,11,26,7,5,72,29,p2,29,73,996,8.31,258,4,70.58,0.01,0.05,49.01,0.52,30.96,151.0,0,92,31.67745725183519,146.27978569737184,92.0,31.093333333333334,150.17999999999998,0.0,94,90,105
2025-07-26 12:17:00,12,26,7,5,67,25,p2,29,75,996,7.15,255,4,71.18,0.01,0.06,49.2,0.52,31.13,150.94,0,92,31.622745946623294,147.87748687880102,92.0,31.05333333333333,150.89666666666668,0.0,96,92,105
2025-07-26 13:17:00,13,26,7,5,62,22,p2,28,77,996,6.82,247,4,72.08,0.0,0.07,49.72,0.54,31.9,152.86,0,92,31.65865997430593,149.47681618550396,92.0,31.33,151.60000000000002,0.0,97,93,102
2025-07-26 15:17:00,15,26,7,5,71,28,p2,28,80,997,7.45,245,4,74.05,0.0,0.09,50.64,0.53,31.28,136.92,0,93,31.93926439390926,148.6400670491514,92.66666666666667,32.580000000000005,151.10333333333332,0.0,100,94,99
2025-07-26 16:17:00,16,26,7,5,73,30,p2,28,80,998,7.7,250,4,74.49,0.0,0.09,51.31,0.55,33.48,146.43,0,93,32.151395612218955,148.2028518470403,93.0,33.10666666666666,148.96,0.0,100,93,98
2025-07-26 17:17:00,17,26,7,5,82,37,p2,28,80,998,7.56,256,4,74.61,0.0,0.09,51.91,0.56,35.68,156.45,0,94,32.74969141811876,150.05035974095964,93.33333333333333,33.48,146.6,0.010752688172043001,99,92,98
2025-07-26 18:17:00,18,26,7,5,87,41,p2,28,79,998,7.65,257,4,74.39,0.0,0.09,52.2,0.58,37.73,166.54,0,97,33.89991646214911,153.60119859515532,94.66666666666667,35.629999999999995,156.47333333333333,0.03191489361702127,98,91,98
2025-07-26 19:17:00,19,26,7,5,79,34,p2,27,78,998,7.34,260,4,73.65,0.0,0.09,52.11,0.6,39.07,174.78,0,100,35.22927215949137,159.08681123384386,97.0,37.49333333333333,165.92333333333332,0.030927835051546282,97,90,98
2025-07-26 20:17:00,20,26,7,5,81,36,p2,27,78,998,7.34,266,4,72.86,0.0,0.09,51.85,0.6,39.52,179.8,0,103,36.32299186238923,164.82645293742965,100.0,38.77333333333333,173.70666666666668,0.030000000000000027,97,88,97
2025-07-26 21:17:00,21,26,7,5,64,23,p2,27,79,997,6.64,257,4,72.01,0.0,0.09,51.55,0.61,39.32,182.04,0,105,37.07081185077494,169.64094000866754,102.66666666666667,39.303333333333335,178.87333333333333,0.01941747572815533,95,86,96
2025-07-26 22:17:00,22,26,7,5,73,30,p2,27,79,997,7.45,257,4,71.51,0.0,0.09,51.26,0.62,38.74,181.14,0,106,37.52613637608542,172.74634451768114,104.66666666666667,39.193333333333335,180.99333333333334,0.00952380952380949,94,83,96
2025-07-26 23:17:00,23,26,7,5,64,23,p2,27,80,997,7.27,257,4,70.82,0.0,0.09,50.83,0.62,37.78,177.58,0,106,37.63839490281619,174.1676739036079,105.66666666666667,38.61333333333334,180.25333333333333,0.0,92,81,95
2025-07-27 00:17:00,0,27,7,6,68,26,p2,27,80,997,6.93,260,4,70.33,0.0,0.09,50.45,0.62,36.78,173.61,0,106,37.516611822212056,174.21987738963423,106.0,37.766666666666666,177.44333333333336,0.0,90,80,94
2025-07-27 01:17:00,1,27,7,6,61,21,p2,27,79,998,7.03,259,4,70.16,0.0,0.09,50.38,0.61,35.86,170.44,0,105,37.224327997206586,173.43067738632104,105.66666666666667,36.806666666666665,173.87666666666667,-0.009433962264150941,88,52,94
2025-07-27 02:17:00,2,27,7,6,70,28,p2,27,79,998,7.22,257,4,70.25,0.0,0.09,50.74,0.59,34.81,167.11,0,104,36.72428945312874,171.89412124739616,105.0,35.81666666666666,170.38666666666666,-0.00952380952380949,88,65,94
2025-07-27 03:17:00,3,27,7,6,63,22,p2,27,78,998,7.79,263,4,70.2,0.0,0.09,50.79,0.59,33.59,163.34,0,103,36.3777099735345,170.45678643747826,104.0,34.75333333333333,166.96333333333334,-0.009615384615384581,87,73,94
2025-07-27 04:17:00,4,27,7,6,63,23,p2,28,77,999,7.27,262,4,69.41,0.0,0.09,50.2,0.59,32.37,159.19,0,101,35.52193797835305,169.43134028742358,102.66666666666667,33.59,163.21333333333334,-0.01941747572815533,86,80,95
2025-07-27 05:17:00,5,27,7,6,62,21,p2,28,77,999,7.29,258,4,68.64,0.01,0.08,49.31,0.6,31.23,155.13,0,98,34.38665755524375,167.18101483595507,100.66666666666667,32.39666666666667,159.22,-0.02970297029702973,85,85,95
2025-07-27 06:17:00,6,27,7,6,63,22,p2,28,75,998,7.24,256,4,68.09,0.01,0.07,48.84,0.6,30.25,151.96,0,95,33.165441358890085,163.9428632269671,98.0,31.28333333333333,155.42666666666665,-0.030612244897959218,86,90,96
2025-07-27 07:17:00,7,27,7,6,90,43,p2,29,74,998,7.56,253,4,68.72,0.01,0.07,49.27,0.58,29.57,150.38,0,93,32.05767107486578,160.85534871722368,95.33333333333333,30.349999999999998,152.49,-0.021052631578947323,86,92,99
2025-07-27 08:17:00,8,27,7,6,66,25,p2,29,74,997,7.36,249,4,69.94,0.01,0.06,50.22,0.55,29.94,154.11,0,92,31.480059057444223,159.1803059123428,93.33333333333333,29.919999999999998,152.15,-0.010752688172043001,87,95,103
2025-07-27 09:17:00,9,27,7,6,63,22,p2,29,74,997,7.76,243,4,70.9,0.01,0.06,50.85,0.54,31.46,163.08,0,92,31.47412359828268,159.56653517494811,92.33333333333333,30.323333333333334,155.85666666666665,0.0,88,99,108
2025-07-27 10:17:00,10,27,7,6,62,21,p2,29,74,997,7.6,240,4,71.54,0.01,0.06,50.93,0.54,33.35,173.66,0,93,31.91108488915729,161.82853093271473,92.33333333333333,31.583333333333332,163.61666666666667,0.010869565217391353,89,103,112
2025-07-27 15:17:00,15,27,7,6,69,27,p2,28,79,998,6.91,234,4,73.54,0.0,0.09,51.0,0.56,34.9,175.49,0,94,32.502429998033485,163.75125166191805,93.0,33.23666666666667,170.74333333333334,0.010752688172043001,90,105,116
2025-07-27 16:17:00,16,27,7,6,74,30,p2,28,79,999,6.91,235,4,73.66,0.0,0.09,50.7,0.55,36.86,185.55,0,96,33.366639872670625,168.58820467984245,94.33333333333333,35.03666666666666,178.23333333333335,0.02127659574468077,92,105,117
2025-07-27 17:17:00,17,27,7,6,81,36,p2,28,78,999,7.41,244,4,73.49,0.0,0.09,50.21,0.54,37.0,187.84,0,97,34.12522074710706,172.93766625810278,95.66666666666667,36.25333333333333,182.96000000000004,0.01041666666666674,93,102,118
2025-07-27 19:17:00,19,27,7,6,79,34,p2,27,81,999,7.49,256,4,71.45,0.0,0.1,47.68,0.58,36.2,185.47,0,100,35.193504720963205,179.6782132592205,98.66666666666667,36.85666666666666,188.27999999999997,0.010101010101010166,94,99,115
2025-07-27 20:17:00,20,27,7,6,73,30,p2,27,80,999,7.74,262,4,70.95,0.0,0.1,46.81,0.58,35.24,182.84,0,100,35.24161357204202,180.6525846688456,99.66666666666667,36.27,186.61333333333334,0.0,93,98,113
2025-07-27 21:17:00,21,27,7,6,71,29,p2,27,79,998,7.43,267,4,70.25,0.0,0.11,45.53,0.6,33.75,174.31,0,99,34.96399940706083,179.5291836347987,99.66666666666667,35.06333333333333,180.87333333333333,-0.010000000000000009,92,98,110
2025-07-27 22:17:00,22,27,7,6,67,25,p2,27,79,998,7.27,270,4,70.08,0.0,0.1,45.18,0.6,32.7,168.45,0,98,34.52423342170244,177.35456844236006,99.0,33.89666666666667,175.20000000000002,-0.010101010101010055,91,98,105
2025-07-27 23:17:00,23,27,7,6,71,29,p2,27,79,998,7.13,265,4,70.53,0.0,0.1,45.58,0.59,32.12,165.75,0,97,34.08703105807231,175.31583648270478,98.0,32.85666666666666,169.50333333333333,-0.010204081632653073,90,98,101
2025-07-28 00:17:00,0,28,7,0,65,24,p2,27,80,998,7.77,259,4,71.08,0.0,0.1,46.01,0.58,31.5,163.19,0,97,33.8030914427751,174.1553108989662,97.33333333333333,32.10666666666666,165.79666666666665,0.0,88,97,98
2025-07-28 01:17:00,1,28,7,0,71,29,p2,27,80,999,7.99,257,4,71.16,0.0,0.1,45.92,0.59,30.78,159.47,0,95,33.18216941651698,171.27506194062516,96.33333333333333,31.466666666666665,162.8033333333333,-0.020618556701030966,86,96,95
2025-07-28 02:17:00,2,28,7,0,68,26,p2,27,79,999,7.76,255,4,70.99,0.0,0.1,45.55,0.59,30.03,154.57,0,94,32.39989678873648,167.07998667927166,95.33333333333333,30.77,159.07666666666665,-0.010526315789473717,83,96,93
2025-07-28 03:17:00,3,28,7,0,69,27,p2,27,79,999,8.23,255,4,70.57,0.0,0.11,45.04,0.61,29.05,148.28,0,92,31.427787437862165,161.57784964214,93.66666666666667,29.953333333333333,154.10666666666665,-0.021276595744680882,81,95,91
2025-07-28 04:17:00,4,28,7,0,72,29,p2,28,78,1000,8.2,251,4,70.14,0.0,0.1,45.02,0.61,28.36,143.78,0,90,30.496856409066794,156.0665807554902,92.0,29.146666666666665,148.87666666666667,-0.021739130434782594,80,94,90
2025-07-28 05:17:00,5,28,7,0,74,30,p2,28,78,999,8.06,253,4,70.24,0.0,0.1,45.53,0.62,28.25,142.76,0,88,29.853786055227108,152.16205908402557,90.0,28.55333333333333,144.94,-0.022222222222222254,52,94,90
2025-07-28 06:17:00,6,28,7,0,75,32,p2,29,76,999,8.34,254,4,70.33,0.0,0.1,46.2,0.63,28.23,142.09,0,88,29.529250646750125,149.9702973011682,88.66666666666667,28.28,142.87666666666667,0.0,65,94,90
2025-07-28 07:17:00,7,28,7,0,81,36,p2,29,74,999,8.89,253,4,70.53,0.01,0.09,46.6,0.62,27.66,138.75,0,87,29.0475561377175,146.63375217668775,87.66666666666667,28.046666666666667,141.20000000000002,-0.011363636363636354,73,94,90
2025-07-28 08:17:00,8,28,7,0,78,34,p2,29,75,998,9.52,254,4,70.29,0.01,0.08,46.65,0.62,27.17,135.93,0,86,28.655470782851772,144.29502457633862,87.0,27.686666666666667,138.92333333333332,-0.011494252873563204,80,95,90
2025-07-28 09:17:00,9,28,7,0,74,31,p2,29,75,998,9.6,254,4,70.26,0.0,0.08,46.53,0.61,27.52,138.07,0,85,28.462822041527026,143.2670226638016,86.0,27.45,137.58333333333334,-0.011627906976744207,85,95,90
2025-07-28 10:17:00,10,28,7,0,82,37,p2,29,76,997,9.8,255,4,70.96,0.0,0.07,46.89,0.6,29.24,146.96,0,86,28.56536284724453,143.86197618326935,85.66666666666667,27.976666666666663,140.32,0.0117647058823529,90,96,90
2025-07-28 11:17:00,11,28,7,0,66,24,p2,29,77,997,9.52,252,4,71.33,0.0,0.07,47.28,0.58,30.16,151.39,0,86,28.773362408465527,145.01492879225188,85.66666666666667,28.97333333333333,145.47333333333333,0.0,92,99,90
2025-07-28 12:17:00,12,28,7,0,64,23,p2,28,78,997,8.47,249,4,71.81,0.0,0.08,47.66,0.56,31.28,156.19,0,87,29.09996957790601,146.59130435572646,86.33333333333333,30.226666666666663,151.51333333333335,0.011627906976744207,95,103,90
2025-07-28 13:17:00,13,28,7,0,68,26,p2,28,80,997,8.45,246,4,71.98,0.0,0.08,47.71,0.56,32.19,160.05,0,88,29.657857079077772,148.6515600924892,87.0,31.209999999999997,155.87666666666667,0.011494252873563315,99,108,90
2025-07-28 14:17:00,14,28,7,0,75,31,p2,28,82,997,8.46,245,4,71.5,0.0,0.1,47.18,0.58,32.83,162.3,0,89,30.32395021459739,151.230672219983,88.0,32.099999999999994,159.51333333333335,0.011363636363636465,103,112,90
2025-07-28 15:17:00,15,28,7,0,64,23,p2,28,81,998,8.35,248,4,69.8,0.0,0.1,45.35,0.61,32.47,163.04,0,90,30.761812509658498,153.5959172014667,89.0,32.49666666666666,161.79666666666665,0.011235955056179803,105,116,90
2025-07-28 16:17:00,16,28,7,0,72,29,p2,28,80,999,8.34,249,4,69.78,0.0,0.1,45.41,0.61,33.38,167.78,0,92,31.40986415500266,157.2917267253613,90.33333333333333,32.89333333333333,164.37333333333333,0.022222222222222143,105,117,91
2025-07-28 17:17:00,17,28,7,0,74,31,p2,28,81,999,8.2,251,4,69.87,0.0,0.1,45.53,0.62,33.72,169.79,0,93,31.990815051867806,160.44957672860485,91.66666666666667,33.19,166.87,0.010869565217391353,102,118,91
2025-07-28 19:17:00,19,28,7,0,77,33,p2,27,80,1000,8.62,252,4,69.27,0.0,0.1,45.41,0.64,32.25,161.67,0,94,32.39770991797396,162.50747404085232,93.66666666666667,33.12,166.41,0.0,99,115,91
2025-07-28 20:17:00,20,28,7,0,79,34,p2,27,80,999,9.3,256,4,68.61,0.0,0.1,45.23,0.67,30.57,151.44,0,93,32.086609126046284,160.48711308945497,93.66666666666667,32.06999999999999,160.29333333333332,-0.010638297872340385,98,113,89
2025-07-28 21:17:00,21,28,7,0,73,30,p2,27,81,998,9.62,257,4,69.05,0.0,0.1,45.86,0.65,29.65,148.27,0,92,31.75718776164599,158.82746082799684,93.0,30.823333333333334,153.79333333333332,-0.010752688172043001,98,110,87
2025-07-28 22:17:00,22,28,7,0,79,35,p2,27,80,997,9.71,260,4,69.49,0.0,0.1,46.8,0.64,28.51,142.33,0,91,31.213435073345387,155.8850996413856,92.0,29.576666666666664,147.3466666666667,-0.010869565217391353,98,105,82
2025-07-28 23:17:00,23,28,7,0,77,33,p2,27,80,997,9.58,265,4,70.08,0.0,0.09,47.85,0.64,27.98,139.41,0,90,30.56095363307077,152.38975217978037,91.0,28.713333333333328,143.33666666666667,-0.01098901098901095,98,101,77
2025-07-29 00:17:00,0,29,7,1,77,33,p2,27,80,997,9.27,260,4,70.13,0.0,0.09,48.37,0.66,27.22,133.68,0,88,29.733984258262385,147.24081717618864,89.66666666666667,27.903333333333332,138.47333333333333,-0.022222222222222254,97,98,72
